2023-05-31,청송방,https://cdn-pro-web-209-40.cdn-nhncommerce.com/edftr76860385_godomall_com/data/goods/23/04/17/21273/t50_21273_list_033.jpg#http://edftr76860385.godomall.com/goods/goods_view.php?goodsNo=21273,헬리빈 더치커피 파우치 7종 84팩 세트# ,1,25650,배송중,12:20,2023-05-31
2023-05-31,파로마리빙,https://cdn-pro-web-209-40.cdn-nhncommerce.com/edftr76860385_godomall_com/data/goods/23/02/06/18079/t50_18079_list_046.jpg#http://edftr76860385.godomall.com/goods/goods_view.php?goodsNo=18079,라인프렌즈 스윙 미니 선풍기 접이식 휴대용 KHN-F8-MINI#캐릭터 선택:샐리,1,12900,상품준비중,00:41,2023-05-31
2023-05-31,파로마리빙,https://cdn-pro-web-209-40.cdn-nhncommerce.com/edftr76860385_godomall_com/data/goods/23/02/06/18079/t50_18079_list_046.jpg#http://edftr76860385.godomall.com/goods/goods_view.php?goodsNo=18079,라인프렌즈 스윙 미니 선풍기 접이식 휴대용 KHN-F8-MINI#캐릭터 선택:브라운,1,12900,상품준비중,00:41,2023-05-31
2023-05-31,청송방,https://cdn-pro-web-209-40.cdn-nhncommerce.com/edftr76860385_godomall_com/data/goods/23/04/17/21272/t50_21272_list_061.jpg#http://edftr76860385.godomall.com/goods/goods_view.php?goodsNo=21272,헬리빈 더치커피 7종원두 56팩세트# ,1,19900,배송중,18:09,2023-05-30
2023-05-31,청송방,https://cdn-pro-web-209-40.cdn-nhncommerce.com/edftr76860385_godomall_com/data/goods/23/04/17/21272/t50_21272_list_061.jpg#http://edftr76860385.godomall.com/goods/goods_view.php?goodsNo=21272,헬리빈 더치커피 7종원두 56팩세트# ,2,39800,배송중,18:08,2023-05-30
2023-05-30,해담솔,https://cdn-pro-web-209-40.cdn-nhncommerce.com/edftr76860385_godomall_com/data/goods/23/02/08/18367/t50_18367_list_092.jpg#http://edftr76860385.godomall.com/goods/goods_view.php?goodsNo=18367,헬로엔요 플레인 200ml 24팩# ,1,13500,배송중,16:55,2023-05-30
2023-05-30,(주)안산동서물류,https://cdn-pro-web-209-40.cdn-nhncommerce.com/edftr76860385_godomall_com/data/goods/23/02/06/18005/t50_18005_list_08.jpg#http://edftr76860385.godomall.com/goods/goods_view.php?goodsNo=18005,카누 미니 마일드로스트 0.9g X 150개입 X 4개# ,1,110410,배송중,11:05,2023-05-30
2023-05-30,청송방,https://cdn-pro-web-209-40.cdn-nhncommerce.com/edftr76860385_godomall_com/data/goods/23/04/17/21273/t50_21273_list_033.jpg#http://edftr76860385.godomall.com/goods/goods_view.php?goodsNo=21273,헬리빈 더치커피 파우치 7종 84팩 세트# ,1,25650,배송중,10:09,2023-05-30
2023-05-30,청송방,https://cdn-pro-web-209-40.cdn-nhncommerce.com/edftr76860385_godomall_com/data/goods/23/04/17/21273/t50_21273_list_033.jpg#http://edftr76860385.godomall.com/goods/goods_view.php?goodsNo=21273,헬리빈 더치커피 파우치 7종 84팩 세트# ,1,25650,배송중,10:08,2023-05-30
2023-05-30,청송방,https://cdn-pro-web-209-40.cdn-nhncommerce.com/edftr76860385_godomall_com/data/goods/23/04/17/21273/t50_21273_list_033.jpg#http://edftr76860385.godomall.com/goods/goods_view.php?goodsNo=21273,헬리빈 더치커피 파우치 7종 84팩 세트# ,1,25650,배송중,10:06,2023-05-30
2023-05-30,청송방,https://cdn-pro-web-209-40.cdn-nhncommerce.com/edftr76860385_godomall_com/data/goods/23/04/17/21273/t50_21273_list_033.jpg#http://edftr76860385.godomall.com/goods/goods_view.php?goodsNo=21273,헬리빈 더치커피 파우치 7종 84팩 세트# ,1,25650,배송중,10:04,2023-05-30
2023-05-30,청송방,https://cdn-pro-web-209-40.cdn-nhncommerce.com/edftr76860385_godomall_com/data/goods/23/04/17/21273/t50_21273_list_033.jpg#http://edftr76860385.godomall.com/goods/goods_view.php?goodsNo=21273,헬리빈 더치커피 파우치 7종 84팩 세트# ,1,25650,배송중,10:02,2023-05-30
2023-05-30,청송방,https://cdn-pro-web-209-40.cdn-nhncommerce.com/edftr76860385_godomall_com/data/goods/23/04/17/21273/t50_21273_list_033.jpg#http://edftr76860385.godomall.com/goods/goods_view.php?goodsNo=21273,헬리빈 더치커피 파우치 7종 84팩 세트# ,1,25650,배송중,10:00,2023-05-30
2023-05-30,청송방,https://cdn-pro-web-209-40.cdn-nhncommerce.com/edftr76860385_godomall_com/data/goods/23/04/17/21273/t50_21273_list_033.jpg#http://edftr76860385.godomall.com/goods/goods_view.php?goodsNo=21273,헬리빈 더치커피 파우치 7종 84팩 세트# ,1,25900,배송중,09:58,2023-05-30
2023-05-30,청송방,https://cdn-pro-web-209-40.cdn-nhncommerce.com/edftr76860385_godomall_com/data/goods/23/04/17/21273/t50_21273_list_033.jpg#http://edftr76860385.godomall.com/goods/goods_view.php?goodsNo=21273,헬리빈 더치커피 파우치 7종 84팩 세트# ,1,25900,배송중,09:56,2023-05-30
2023-05-30,청송방,https://cdn-pro-web-209-40.cdn-nhncommerce.com/edftr76860385_godomall_com/data/goods/23/04/17/21273/t50_21273_list_033.jpg#http://edftr76860385.godomall.com/goods/goods_view.php?goodsNo=21273,헬리빈 더치커피 파우치 7종 84팩 세트# ,1,25900,배송중,09:54,2023-05-30
2023-05-30,청송방,https://cdn-pro-web-209-40.cdn-nhncommerce.com/edftr76860385_godomall_com/data/goods/23/04/17/21273/t50_21273_list_033.jpg#http://edftr76860385.godomall.com/goods/goods_view.php?goodsNo=21273,헬리빈 더치커피 파우치 7종 84팩 세트# ,1,25900,배송중,09:51,2023-05-30
2023-05-30,청송방,https://cdn-pro-web-209-40.cdn-nhncommerce.com/edftr76860385_godomall_com/data/goods/23/04/17/21273/t50_21273_list_033.jpg#http://edftr76860385.godomall.com/goods/goods_view.php?goodsNo=21273,헬리빈 더치커피 파우치 7종 84팩 세트# ,1,25900,배송중,09:47,2023-05-30
2023-05-29,해담솔,https://cdn-pro-web-209-40.cdn-nhncommerce.com/edftr76860385_godomall_com/data/goods/23/04/17/21347/t50_21331_list_039.jpg#http://edftr76860385.godomall.com/goods/goods_view.php?goodsNo=21347,MCC 고베식당 카레 160g 비프 치킨 2종#구성:비프카레약간매운맛 1개,48,109920,배송중,11:38,2023-05-29
2023-05-29,트라이스,https://trys.speedgabia.com/vaimar/6_600.jpg#http://edftr76860385.godomall.com/goods/goods_view.php?goodsNo=21145,Vaimar 독일 바이마르 멀티 채반 믹싱볼세트 VMK-NE21E002# ,1,13900,배송중,20:05,2023-05-28
2023-05-27,(주)안산동서물류,https://cdn-pro-web-209-40.cdn-nhncommerce.com/edftr76860385_godomall_com/data/goods/23/02/06/17968/t50_17968_list_037.png#http://edftr76860385.godomall.com/goods/goods_view.php?goodsNo=17968,스타벅스 더블샷 에스프레소앤크림 200ml x 24개입# ,1,25940,배송중,10:19,2023-05-27
2023-05-27,(주)안산동서물류,https://cdn-pro-web-209-40.cdn-nhncommerce.com/edftr76860385_godomall_com/data/goods/23/02/06/18042/t50_18042_list_044.png#http://edftr76860385.godomall.com/goods/goods_view.php?goodsNo=18042,포스트 그래놀라 크랜베리 아몬드 570g X4개# ,1,18900,배송중,18:39,2023-05-26
2023-05-26,해담솔,https://cdn-pro-web-209-40.cdn-nhncommerce.com/edftr76860385_godomall_com/data/goods/23/02/08/18367/t50_18367_list_092.jpg#http://edftr76860385.godomall.com/goods/goods_view.php?goodsNo=18367,헬로엔요 플레인 200ml 24팩# ,1,13500,배송중,14:01,2023-05-26
2023-05-26,해담솔,https://cdn-pro-web-209-40.cdn-nhncommerce.com/edftr76860385_godomall_com/data/goods/23/02/08/18393/t50_18324_list_085.jpg#http://edftr76860385.godomall.com/goods/goods_view.php?goodsNo=18393,어메이징오트 바리스타950ml 5팩# ,1,12750,배송중,08:46,2023-05-26
2023-05-26,KN디지털,https://shop-phinf.pstatic.net/20220427_195/16510275374856rFPV_JPEG/52163436162760859_990768026.jpg?type=m510#http://edftr76860385.godomall.com/goods/goods_view.php?goodsNo=20022,삼성 워블 WA13T5262BW 통돌이 세탁기 13kg 화이트 / KN# ,1,422000,상품준비중,23:23,2023-05-25
2023-05-26,해담솔,https://cdn-pro-web-209-40.cdn-nhncommerce.com/edftr76860385_godomall_com/data/goods/23/04/14/20351/t50_20351_list_042.jpg#http://edftr76860385.godomall.com/goods/goods_view.php?goodsNo=20351,영양어포튀각300g*1봉# ,6,34140,배송중,17:59,2023-05-25
2023-05-26,트라이스,https://trys.speedgabia.com/BP/2022/10.26/1.jpg#http://edftr76860385.godomall.com/goods/goods_view.php?goodsNo=20826,캠핑10% 쿠폰 미식백과 누룽지 50g x 30봉(백미10봉+찹쌀10봉+오곡1..# ,2,25800,배송중,17:56,2023-05-25
2023-05-26,해담솔,https://cdn-pro-web-209-40.cdn-nhncommerce.com/edftr76860385_godomall_com/data/goods/23/02/08/18367/t50_18367_list_092.jpg#http://edftr76860385.godomall.com/goods/goods_view.php?goodsNo=18367,헬로엔요 플레인 200ml 24팩# ,1,13500,배송중,17:06,2023-05-25
2023-05-25,해담솔,https://cdn-pro-web-209-40.cdn-nhncommerce.com/edftr76860385_godomall_com/data/goods/23/02/08/18367/t50_18367_list_092.jpg#http://edftr76860385.godomall.com/goods/goods_view.php?goodsNo=18367,헬로엔요 플레인 200ml 24팩# ,1,13500,구매확정,20:26,2023-05-24
2023-05-23,KN디지털,https://shop-phinf.pstatic.net/20230113_190/1673575369544skHIr_JPEG/74711204361215623_1886058982.jpg?type=m510#http://edftr76860385.godomall.com/goods/goods_view.php?goodsNo=19795,안방 AB501DG 연기 안나는 전기그릴 그릴 + 볶음팬 + 가방 / KN# ,1,148800,구매확정,13:36,2023-05-23
2023-05-23,해담솔,https://cdn-pro-web-209-40.cdn-nhncommerce.com/edftr76860385_godomall_com/data/goods/23/02/08/18367/t50_18367_list_092.jpg#http://edftr76860385.godomall.com/goods/goods_view.php?goodsNo=18367,헬로엔요 플레인 200ml 24팩# ,1,13500,구매확정,12:36,2023-05-23
2023-05-23,해담솔,https://cdn-pro-web-209-40.cdn-nhncommerce.com/edftr76860385_godomall_com/data/goods/23/04/17/21348/t50_21348_list_059.jpg#http://edftr76860385.godomall.com/goods/goods_view.php?goodsNo=21348,나래식품 산동만두 모음전#구성:산동 고기찐만두 180g 6입 10봉,5,21450,구매확정,10:26,2023-05-23
2023-05-23,해담솔,https://cdn-pro-web-209-40.cdn-nhncommerce.com/edftr76860385_godomall_com/data/goods/23/04/17/21347/t50_21331_list_039.jpg#http://edftr76860385.godomall.com/goods/goods_view.php?goodsNo=21347,MCC 고베식당 카레 160g 비프 치킨 2종#구성:비프카레약간매운맛 1개,40,91600,구매확정,10:02,2023-05-23
2023-05-23,해담솔,https://cdn-pro-web-209-40.cdn-nhncommerce.com/edftr76860385_godomall_com/data/goods/23/02/08/18367/t50_18367_list_092.jpg#http://edftr76860385.godomall.com/goods/goods_view.php?goodsNo=18367,헬로엔요 플레인 200ml 24팩# ,1,13500,배송중,01:35,2023-05-23
2023-05-22,해담솔,https://cdn-pro-web-209-40.cdn-nhncommerce.com/edftr76860385_godomall_com/data/goods/23/04/17/21327/t50_21327_list_092.jpg#http://edftr76860385.godomall.com/goods/goods_view.php?goodsNo=21327,비나밀크 으오이 사오 퐁남 베트남 연유 1284g_1개# ,2,8100,구매확정,14:37,2023-05-22
2023-05-22,(주)안산동서물류,https://cdn-pro-web-209-40.cdn-nhncommerce.com/edftr76860385_godomall_com/data/goods/23/02/07/18202/t50_18202_list_021.jpg#http://edftr76860385.godomall.com/goods/goods_view.php?goodsNo=18202,특가 맥심/카누/모카골드/화이트골드 LV 모음 기획전#종류 선택:모카골드 210T,1,27000,배송중,12:01,2023-05-22
2023-05-19,(주)안산동서물류,https://cdn-pro-web-209-40.cdn-nhncommerce.com/edftr76860385_godomall_com/data/goods/23/02/06/17927/t50_17927_list_0100.jpg#http://edftr76860385.godomall.com/goods/goods_view.php?goodsNo=17927,맥심 모카골드 커피믹스 12g x 170T X 6개# ,1,122000,구매확정,10:35,2023-05-19
2023-05-19,해담솔,https://cdn-pro-web-209-40.cdn-nhncommerce.com/edftr76860385_godomall_com/data/goods/23/02/08/18367/t50_18367_list_092.jpg#http://edftr76860385.godomall.com/goods/goods_view.php?goodsNo=18367,헬로엔요 플레인 200ml 24팩# ,1,13500,구매확정,19:18,2023-05-18
2023-05-18,(주)안산동서물류,https://cdn-pro-web-209-40.cdn-nhncommerce.com/edftr76860385_godomall_com/data/goods/23/02/06/17925/t50_17925_list_06.png#http://edftr76860385.godomall.com/goods/goods_view.php?goodsNo=17925,맥심 모카골드 커피믹스 12g x 170T X 4개# ,1,81670,구매확정,16:12,2023-05-18
2023-05-18,해담솔,https://cdn-pro-web-209-40.cdn-nhncommerce.com/edftr76860385_godomall_com/data/goods/23/02/08/18391/t50_18324_list_085.jpg#http://edftr76860385.godomall.com/goods/goods_view.php?goodsNo=18391,어메이징오트 바리스타950ml 10팩# ,1,24250,구매확정,15:26,2023-05-18
2023-05-18,(주)안산동서물류,https://cdn-pro-web-209-40.cdn-nhncommerce.com/edftr76860385_godomall_com/data/goods/23/02/06/17927/t50_17927_list_0100.jpg#http://edftr76860385.godomall.com/goods/goods_view.php?goodsNo=17927,맥심 모카골드 커피믹스 12g x 170T X 6개# ,1,122000,구매확정,12:27,2023-05-18
2023-05-18,해담솔,https://cdn-pro-web-209-40.cdn-nhncommerce.com/edftr76860385_godomall_com/data/goods/23/02/08/18367/t50_18367_list_092.jpg#http://edftr76860385.godomall.com/goods/goods_view.php?goodsNo=18367,헬로엔요 플레인 200ml 24팩# ,2,27000,구매확정,21:48,2023-05-17
2023-05-18,해담솔,https://cdn-pro-web-209-40.cdn-nhncommerce.com/edftr76860385_godomall_com/data/goods/23/02/08/18391/t50_18324_list_085.jpg#http://edftr76860385.godomall.com/goods/goods_view.php?goodsNo=18391,어메이징오트 바리스타950ml 10팩# ,1,24250,배송중,17:11,2023-05-17
2023-05-16,(주)안산동서물류,https://cdn-pro-web-209-40.cdn-nhncommerce.com/edftr76860385_godomall_com/data/goods/23/02/06/17968/t50_17968_list_037.png#http://edftr76860385.godomall.com/goods/goods_view.php?goodsNo=17968,스타벅스 더블샷 에스프레소앤크림 200ml x 24개입# ,1,26200,구매확정,10:15,2023-05-16
2023-05-16,해담솔,https://cdn-pro-web-209-40.cdn-nhncommerce.com/edftr76860385_godomall_com/data/goods/23/02/08/18330/t50_18330_list_060.jpg#http://edftr76860385.godomall.com/goods/goods_view.php?goodsNo=18330,누텔라 스프레드370g 1개# ,30,111600,구매확정,08:22,2023-05-16
2023-05-16,해담솔,https://cdn-pro-web-209-40.cdn-nhncommerce.com/edftr76860385_godomall_com/data/goods/23/02/08/18391/t50_18324_list_085.jpg#http://edftr76860385.godomall.com/goods/goods_view.php?goodsNo=18391,어메이징오트 바리스타950ml 10팩# ,1,24250,구매확정,02:10,2023-05-16
2023-05-15,(주)안산동서물류,https://cdn-pro-web-209-40.cdn-nhncommerce.com/edftr76860385_godomall_com/data/goods/23/02/06/17980/t50_17980_list_074.jpg#http://edftr76860385.godomall.com/goods/goods_view.php?goodsNo=17980,카누 돌체 라떼 17.3g X 24개입 X 2개# ,1,17000,배송완료,11:06,2023-05-15
2023-05-15,해담솔,https://cdn-pro-web-209-40.cdn-nhncommerce.com/edftr76860385_godomall_com/data/goods/23/04/14/20352/t50_20351_list_042.jpg#http://edftr76860385.godomall.com/goods/goods_view.php?goodsNo=20352,영양 어포튀각 90g*1봉# ,5,9450,구매확정,10:46,2023-05-15
2023-05-15,트라이스,https://trys2023.speedgabia.com/awesome/2023/03.02/1.jpg#http://edftr76860385.godomall.com/goods/goods_view.php?goodsNo=21197,NUTRISTAR 뉴트리스타 칼 세트 PA-NT400# ,1,18900,배송완료,09:54,2023-05-15
2023-05-15,해담솔,https://cdn-pro-web-209-40.cdn-nhncommerce.com/edftr76860385_godomall_com/data/goods/23/02/08/18330/t50_18330_list_060.jpg#http://edftr76860385.godomall.com/goods/goods_view.php?goodsNo=18330,누텔라 스프레드370g 1개# ,15,56250,구매확정,21:35,2023-05-14
2023-05-14,해담솔,https://cdn-pro-web-209-40.cdn-nhncommerce.com/edftr76860385_godomall_com/data/goods/23/02/08/18330/t50_18330_list_060.jpg#http://edftr76860385.godomall.com/goods/goods_view.php?goodsNo=18330,누텔라 스프레드370g 1개# ,4,15000,구매확정,13:50,2023-05-14
2023-05-14,해담솔,https://cdn-pro-web-209-40.cdn-nhncommerce.com/edftr76860385_godomall_com/data/goods/23/04/17/21327/t50_21327_list_092.jpg#http://edftr76860385.godomall.com/goods/goods_view.php?goodsNo=21327,비나밀크 으오이 사오 퐁남 베트남 연유 1284g_1개# ,1,4050,구매확정,00:02,2023-05-14
2023-05-13,해담솔,https://cdn-pro-web-209-40.cdn-nhncommerce.com/edftr76860385_godomall_com/data/goods/23/02/08/18367/t50_18367_list_092.jpg#http://edftr76860385.godomall.com/goods/goods_view.php?goodsNo=18367,헬로엔요 플레인 200ml 24팩# ,1,13500,구매확정,23:51,2023-05-12
2023-05-13,(주)안산동서물류,https://cdn-pro-web-209-40.cdn-nhncommerce.com/edftr76860385_godomall_com/data/goods/23/02/06/18040/t50_18040_list_067.png#http://edftr76860385.godomall.com/goods/goods_view.php?goodsNo=18040,포스트 그래놀라 크랜베리 아몬드 570g X2개# ,1,9390,구매확정,20:20,2023-05-12
2023-05-12,해담솔,https://cdn-pro-web-209-40.cdn-nhncommerce.com/edftr76860385_godomall_com/data/goods/23/04/17/21347/t50_21331_list_039.jpg#http://edftr76860385.godomall.com/goods/goods_view.php?goodsNo=21347,MCC 고베식당 카레 160g 비프 치킨 2종#구성:비프카레약간매운맛 1개,60,137400,구매확정,13:51,2023-05-12
2023-05-12,(주)안산동서물류,https://cdn-pro-web-209-40.cdn-nhncommerce.com/edftr76860385_godomall_com/data/goods/23/02/06/17927/t50_17927_list_0100.jpg#http://edftr76860385.godomall.com/goods/goods_view.php?goodsNo=17927,맥심 모카골드 커피믹스 12g x 170T X 6개# ,1,122000,구매확정,10:04,2023-05-12
2023-05-12,(주)안산동서물류,https://cdn-pro-web-209-40.cdn-nhncommerce.com/edftr76860385_godomall_com/data/goods/23/02/06/17918/t50_17918_list_058.jpg#http://edftr76860385.godomall.com/goods/goods_view.php?goodsNo=17918,맥심 모카골드 마일드 커피믹스 12g X 210T X2개# ,1,48500,배송완료,03:02,2023-05-12
2023-05-12,해담솔,https://cdn-pro-web-209-40.cdn-nhncommerce.com/edftr76860385_godomall_com/data/goods/23/04/14/20351/t50_20351_list_042.jpg#http://edftr76860385.godomall.com/goods/goods_view.php?goodsNo=20351,영양어포튀각300g*1봉# ,4,22560,구매확정,01:40,2023-05-12
2023-05-10,해담솔,https://cdn-pro-web-209-40.cdn-nhncommerce.com/edftr76860385_godomall_com/data/goods/23/02/08/18330/t50_18330_list_060.jpg#http://edftr76860385.godomall.com/goods/goods_view.php?goodsNo=18330,누텔라 스프레드370g 1개# ,2,7500,구매확정,07:37,2023-05-10
2023-05-10,해담솔,https://cdn-pro-web-209-40.cdn-nhncommerce.com/edftr76860385_godomall_com/data/goods/23/02/08/18330/t50_18330_list_060.jpg#http://edftr76860385.godomall.com/goods/goods_view.php?goodsNo=18330,누텔라 스프레드370g 1개# ,60,225000,구매확정,20:18,2023-05-09
2023-05-10,해담솔,https://cdn-pro-web-209-40.cdn-nhncommerce.com/edftr76860385_godomall_com/data/goods/23/04/17/21348/t50_21348_list_059.jpg#http://edftr76860385.godomall.com/goods/goods_view.php?goodsNo=21348,나래식품 산동만두 모음전#구성:고기찐만두 5봉+매운찐만두 5봉,1,4250,배송완료,19:20,2023-05-09
2023-05-10,해담솔,https://cdn-pro-web-209-40.cdn-nhncommerce.com/edftr76860385_godomall_com/data/goods/23/02/08/18367/t50_18367_list_092.jpg#http://edftr76860385.godomall.com/goods/goods_view.php?goodsNo=18367,헬로엔요 플레인 200ml 24팩# ,1,13500,구매확정,17:26,2023-05-09
2023-05-09,트라이스,https://gowell107.cafe24.com/Corningware/1000/corningware_snoopy_ice-cream_1000_01.jpg#http://edftr76860385.godomall.com/goods/goods_view.php?goodsNo=21190,Corelle 코렐 코닝웨어 스누피 아이스크림 식기세트 2인세트 14p# ,1,39900,배송완료,13:04,2023-05-09
2023-05-09,해담솔,https://cdn-pro-web-209-40.cdn-nhncommerce.com/edftr76860385_godomall_com/data/goods/23/02/08/18367/t50_18367_list_092.jpg#http://edftr76860385.godomall.com/goods/goods_view.php?goodsNo=18367,헬로엔요 플레인 200ml 24팩# ,1,13500,구매확정,18:12,2023-05-08
2023-05-08,(주)안산동서물류,https://cdn-pro-web-209-40.cdn-nhncommerce.com/edftr76860385_godomall_com/data/goods/23/02/06/17971/t50_17971_list_033.jpg#http://edftr76860385.godomall.com/goods/goods_view.php?goodsNo=17971,여름엔 아이스커피 커피믹스 50T(13g x50개입)# ,1,7490,구매확정,09:58,2023-05-08
2023-05-08,(주)안산동서물류,https://cdn-pro-web-209-40.cdn-nhncommerce.com/edftr76860385_godomall_com/data/goods/23/02/06/17927/t50_17927_list_0100.jpg#http://edftr76860385.godomall.com/goods/goods_view.php?goodsNo=17927,맥심 모카골드 커피믹스 12g x 170T X 6개# ,1,122000,구매확정,08:51,2023-05-08
2023-05-08,해담솔,https://cdn-pro-web-209-40.cdn-nhncommerce.com/edftr76860385_godomall_com/data/goods/23/02/08/18393/t50_18324_list_085.jpg#http://edftr76860385.godomall.com/goods/goods_view.php?goodsNo=18393,어메이징오트 바리스타950ml 5팩# ,1,12750,구매확정,00:59,2023-05-08
2023-05-08,해담솔,https://cdn-pro-web-209-40.cdn-nhncommerce.com/edftr76860385_godomall_com/data/goods/23/04/17/21327/t50_21327_list_092.jpg#http://edftr76860385.godomall.com/goods/goods_view.php?goodsNo=21327,비나밀크 으오이 사오 퐁남 베트남 연유 1284g_1개# ,12,48600,구매확정,21:58,2023-05-07
2023-05-08,(주)안산동서물류,https://cdn-pro-web-209-40.cdn-nhncommerce.com/edftr76860385_godomall_com/data/goods/23/02/06/17912/t50_17912_list_080.jpg#http://edftr76860385.godomall.com/goods/goods_view.php?goodsNo=17912,맥심 모카골드 라이트 커피믹스 11.8g x 180T X2개# ,1,36810,구매확정,21:01,2023-05-07
2023-05-07,해담솔,https://cdn-pro-web-209-40.cdn-nhncommerce.com/edftr76860385_godomall_com/data/goods/23/04/14/20352/t50_20351_list_042.jpg#http://edftr76860385.godomall.com/goods/goods_view.php?goodsNo=20352,영양 어포튀각 90g*1봉# ,10,18900,구매확정,15:01,2023-05-07
2023-05-07,이지드롭,https://gi.esmplus.com/daon0605/동서가구/thumb_01.jpg#http://edftr76860385.godomall.com/goods/goods_view.php?goodsNo=16858,변기크리너 블루핸들+리필(레몬향) 세트 변기청소 욕실청소 화장실 변기솔#상품선택:1)_블루핸들1개+레몬향1팩(12개입),1,9900,구매확정,04:13,2023-05-07
2023-05-06,해담솔,https://cdn-pro-web-209-40.cdn-nhncommerce.com/edftr76860385_godomall_com/data/goods/23/02/08/18367/t50_18367_list_092.jpg#http://edftr76860385.godomall.com/goods/goods_view.php?goodsNo=18367,헬로엔요 플레인 200ml 24팩# ,1,13500,구매확정,14:38,2023-05-06
2023-05-05,(주)안산동서물류,https://cdn-pro-web-209-40.cdn-nhncommerce.com/edftr76860385_godomall_com/data/goods/23/02/07/18167/t50_18167_list_038.jpg#http://edftr76860385.godomall.com/goods/goods_view.php?goodsNo=18167,동서식품 시리얼/오레오/리츠크래커 LV 모음 기획전#선택:오레오 골든 100g,3,2730,구매확정,12:34,2023-05-05
2023-05-05,(주)안산동서물류,https://cdn-pro-web-209-40.cdn-nhncommerce.com/edftr76860385_godomall_com/data/goods/23/02/07/18167/t50_18167_list_038.jpg#http://edftr76860385.godomall.com/goods/goods_view.php?goodsNo=18167,동서식품 시리얼/오레오/리츠크래커 LV 모음 기획전#선택:리츠 크래커 화이트 77g,3,2640,구매확정,12:34,2023-05-05
2023-05-05,(주)안산동서물류,https://cdn-pro-web-209-40.cdn-nhncommerce.com/edftr76860385_godomall_com/data/goods/23/02/07/18167/t50_18167_list_038.jpg#http://edftr76860385.godomall.com/goods/goods_view.php?goodsNo=18167,동서식품 시리얼/오레오/리츠크래커 LV 모음 기획전#선택:리츠크래커 리츠 초코 77g,4,3520,구매확정,12:34,2023-05-05
2023-05-05,해담솔,https://cdn-pro-web-209-40.cdn-nhncommerce.com/edftr76860385_godomall_com/data/goods/23/04/14/20351/t50_20351_list_042.jpg#http://edftr76860385.godomall.com/goods/goods_view.php?goodsNo=20351,영양어포튀각300g*1봉# ,5,28450,구매확정,23:19,2023-05-04
2023-05-04,해담솔,https://cdn-pro-web-209-40.cdn-nhncommerce.com/edftr76860385_godomall_com/data/goods/23/02/08/18391/t50_18324_list_085.jpg#http://edftr76860385.godomall.com/goods/goods_view.php?goodsNo=18391,어메이징오트 바리스타950ml 10팩# ,1,24250,구매확정,14:17,2023-05-04
2023-05-04,해담솔,https://cdn-pro-web-209-40.cdn-nhncommerce.com/edftr76860385_godomall_com/data/goods/23/02/08/18330/t50_18330_list_060.jpg#http://edftr76860385.godomall.com/goods/goods_view.php?goodsNo=18330,누텔라 스프레드370g 1개# ,30,112500,구매확정,10:53,2023-05-04
2023-05-04,해담솔,https://cdn-pro-web-209-40.cdn-nhncommerce.com/edftr76860385_godomall_com/data/goods/23/02/08/18330/t50_18330_list_060.jpg#http://edftr76860385.godomall.com/goods/goods_view.php?goodsNo=18330,누텔라 스프레드370g 1개# ,15,56250,구매확정,21:09,2023-05-03
2023-05-03,해담솔,https://cdn-pro-web-209-40.cdn-nhncommerce.com/edftr76860385_godomall_com/data/goods/23/02/08/18330/t50_18330_list_060.jpg#http://edftr76860385.godomall.com/goods/goods_view.php?goodsNo=18330,누텔라 스프레드370g 1개# ,10,37500,구매확정,16:03,2023-05-03
2023-05-03,해담솔,https://cdn-pro-web-209-40.cdn-nhncommerce.com/edftr76860385_godomall_com/data/goods/23/02/08/18367/t50_18367_list_092.jpg#http://edftr76860385.godomall.com/goods/goods_view.php?goodsNo=18367,헬로엔요 플레인 200ml 24팩# ,1,13500,구매확정,19:53,2023-05-02
2023-05-02,해담솔,https://cdn-pro-web-209-40.cdn-nhncommerce.com/edftr76860385_godomall_com/data/goods/23/02/08/18368/t50_18368_list_012.jpg#http://edftr76860385.godomall.com/goods/goods_view.php?goodsNo=18368,헬로엔요 플레인 200ml 48팩# ,1,24900,구매확정,15:25,2023-05-02
2023-05-02,청송방,https://cdn-pro-web-209-40.cdn-nhncommerce.com/edftr76860385_godomall_com/data/goods/23/04/17/21273/t50_21273_list_033.jpg#http://edftr76860385.godomall.com/goods/goods_view.php?goodsNo=21273,헬리빈 더치커피 파우치 7종 84팩 세트# ,1,25900,구매확정,12:10,2023-05-02
2023-05-02,청송방,https://cdn-pro-web-209-40.cdn-nhncommerce.com/edftr76860385_godomall_com/data/goods/23/04/17/21273/t50_21273_list_033.jpg#http://edftr76860385.godomall.com/goods/goods_view.php?goodsNo=21273,헬리빈 더치커피 파우치 7종 84팩 세트# ,1,25900,구매확정,12:09,2023-05-02
2023-05-02,청송방,https://cdn-pro-web-209-40.cdn-nhncommerce.com/edftr76860385_godomall_com/data/goods/23/04/17/21273/t50_21273_list_033.jpg#http://edftr76860385.godomall.com/goods/goods_view.php?goodsNo=21273,헬리빈 더치커피 파우치 7종 84팩 세트# ,1,25900,구매확정,12:08,2023-05-02
2023-05-02,청송방,https://cdn-pro-web-209-40.cdn-nhncommerce.com/edftr76860385_godomall_com/data/goods/23/04/17/21273/t50_21273_list_033.jpg#http://edftr76860385.godomall.com/goods/goods_view.php?goodsNo=21273,헬리빈 더치커피 파우치 7종 84팩 세트# ,1,25900,구매확정,12:05,2023-05-02
2023-05-02,청송방,https://cdn-pro-web-209-40.cdn-nhncommerce.com/edftr76860385_godomall_com/data/goods/23/04/17/21273/t50_21273_list_033.jpg#http://edftr76860385.godomall.com/goods/goods_view.php?goodsNo=21273,헬리빈 더치커피 파우치 7종 84팩 세트# ,1,25900,구매확정,12:04,2023-05-02
2023-05-02,청송방,https://cdn-pro-web-209-40.cdn-nhncommerce.com/edftr76860385_godomall_com/data/goods/23/04/17/21273/t50_21273_list_033.jpg#http://edftr76860385.godomall.com/goods/goods_view.php?goodsNo=21273,헬리빈 더치커피 파우치 7종 84팩 세트# ,1,25900,구매확정,12:02,2023-05-02
2023-05-02,청송방,https://cdn-pro-web-209-40.cdn-nhncommerce.com/edftr76860385_godomall_com/data/goods/23/04/17/21273/t50_21273_list_033.jpg#http://edftr76860385.godomall.com/goods/goods_view.php?goodsNo=21273,헬리빈 더치커피 파우치 7종 84팩 세트# ,1,25900,구매확정,12:01,2023-05-02
2023-05-02,청송방,https://cdn-pro-web-209-40.cdn-nhncommerce.com/edftr76860385_godomall_com/data/goods/23/04/17/21273/t50_21273_list_033.jpg#http://edftr76860385.godomall.com/goods/goods_view.php?goodsNo=21273,헬리빈 더치커피 파우치 7종 84팩 세트# ,1,25900,구매확정,11:59,2023-05-02
2023-05-02,청송방,https://cdn-pro-web-209-40.cdn-nhncommerce.com/edftr76860385_godomall_com/data/goods/23/04/17/21273/t50_21273_list_033.jpg#http://edftr76860385.godomall.com/goods/goods_view.php?goodsNo=21273,헬리빈 더치커피 파우치 7종 84팩 세트# ,1,25900,구매확정,11:57,2023-05-02
2023-05-02,청송방,https://cdn-pro-web-209-40.cdn-nhncommerce.com/edftr76860385_godomall_com/data/goods/23/04/17/21273/t50_21273_list_033.jpg#http://edftr76860385.godomall.com/goods/goods_view.php?goodsNo=21273,헬리빈 더치커피 파우치 7종 84팩 세트# ,1,25900,구매확정,11:54,2023-05-02
2023-05-02,청송방,https://cdn-pro-web-209-40.cdn-nhncommerce.com/edftr76860385_godomall_com/data/goods/23/04/17/21273/t50_21273_list_033.jpg#http://edftr76860385.godomall.com/goods/goods_view.php?goodsNo=21273,헬리빈 더치커피 파우치 7종 84팩 세트# ,1,25900,구매확정,11:52,2023-05-02
2023-05-02,청송방,https://cdn-pro-web-209-40.cdn-nhncommerce.com/edftr76860385_godomall_com/data/goods/23/04/17/21273/t50_21273_list_033.jpg#http://edftr76860385.godomall.com/goods/goods_view.php?goodsNo=21273,헬리빈 더치커피 파우치 7종 84팩 세트# ,1,25900,구매확정,11:49,2023-05-02
2023-05-02,청송방,https://cdn-pro-web-209-40.cdn-nhncommerce.com/edftr76860385_godomall_com/data/goods/23/04/17/21273/t50_21273_list_033.jpg#http://edftr76860385.godomall.com/goods/goods_view.php?goodsNo=21273,헬리빈 더치커피 파우치 7종 84팩 세트# ,1,25900,구매확정,11:46,2023-05-02
2023-05-02,청송방,https://cdn-pro-web-209-40.cdn-nhncommerce.com/edftr76860385_godomall_com/data/goods/23/04/17/21273/t50_21273_list_033.jpg#http://edftr76860385.godomall.com/goods/goods_view.php?goodsNo=21273,헬리빈 더치커피 파우치 7종 84팩 세트# ,1,25900,구매확정,11:43,2023-05-02
2023-05-02,청송방,https://cdn-pro-web-209-40.cdn-nhncommerce.com/edftr76860385_godomall_com/data/goods/23/04/17/21273/t50_21273_list_033.jpg#http://edftr76860385.godomall.com/goods/goods_view.php?goodsNo=21273,헬리빈 더치커피 파우치 7종 84팩 세트# ,1,25900,구매확정,11:37,2023-05-02
2023-05-02,KN디지털,https://shop-phinf.pstatic.net/20220520_184/1653019620369HIlCo_JPEG/54155509067810613_1653759091.jpg?type=m510#http://edftr76860385.godomall.com/goods/goods_view.php?goodsNo=20006,LG 휘센 DQ202PSUA 제습기 20L 실버 / KN# ,1,504000,구매확정,10:27,2023-05-02
2023-04-29,해담솔,https://cdn-pro-web-209-40.cdn-nhncommerce.com/edftr76860385_godomall_com/data/goods/23/02/08/18330/t50_18330_list_060.jpg#http://edftr76860385.godomall.com/goods/goods_view.php?goodsNo=18330,누텔라 스프레드370g 1개# ,4,15000,구매확정,23:52,2023-04-28
2023-04-28,(주)안산동서물류,https://cdn-pro-web-209-40.cdn-nhncommerce.com/edftr76860385_godomall_com/data/goods/23/02/06/17995/t50_17995_list_039.png#http://edftr76860385.godomall.com/goods/goods_view.php?goodsNo=17995,카누 미니 마일드 로스트 스위트 2.9g x 100개입(+20T추..# ,1,39510,구매확정,16:08,2023-04-28
2023-04-28,해담솔,https://cdn-pro-web-209-40.cdn-nhncommerce.com/edftr76860385_godomall_com/data/goods/23/04/17/21330/t50_21330_list_066.jpg#http://edftr76860385.godomall.com/goods/goods_view.php?goodsNo=21330,상하목장 얼려먹는아이스크림 망고 밀크 85ml 혼합구성#구성:얼아 밀크 6개,1,4900,구매확정,11:57,2023-04-28
2023-04-28,해담솔,https://cdn-pro-web-209-40.cdn-nhncommerce.com/edftr76860385_godomall_com/data/goods/23/02/08/18330/t50_18330_list_060.jpg#http://edftr76860385.godomall.com/goods/goods_view.php?goodsNo=18330,누텔라 스프레드370g 1개# ,30,112500,구매확정,10:17,2023-04-28
2023-04-27,해담솔,https://cdn-pro-web-209-40.cdn-nhncommerce.com/edftr76860385_godomall_com/data/goods/23/02/09/18462/t50_18462_list_092.jpg#http://edftr76860385.godomall.com/goods/goods_view.php?goodsNo=18462,성주참외 고당도 꿀참외 가정용 프리미엄 산지직송1kg 3kg 5kg#선택:1.성주참외가정용 렌덤혼합과1kg,1,7900,구매확정,11:58,2023-04-27
2023-04-27,(주)안산동서물류,https://cdn-pro-web-209-40.cdn-nhncommerce.com/edftr76860385_godomall_com/data/goods/23/02/06/17932/t50_17932_list_063.jpg#http://edftr76860385.godomall.com/goods/goods_view.php?goodsNo=17932,맥심 미니 카누 다크로스트 0.9g X 150T X 5개# ,1,131890,구매확정,11:42,2023-04-27
2023-04-27,해담솔,https://cdn-pro-web-209-40.cdn-nhncommerce.com/edftr76860385_godomall_com/data/goods/23/02/08/18391/t50_18324_list_085.jpg#http://edftr76860385.godomall.com/goods/goods_view.php?goodsNo=18391,어메이징오트 바리스타950ml 10팩# ,1,24250,구매확정,09:23,2023-04-27
2023-04-26,청송방,https://cdn-pro-web-209-40.cdn-nhncommerce.com/edftr76860385_godomall_com/data/goods/23/04/17/21272/t50_21272_list_061.jpg#http://edftr76860385.godomall.com/goods/goods_view.php?goodsNo=21272,헬리빈 더치커피 7종원두 56팩세트# ,1,19900,구매확정,15:30,2023-04-26
2023-04-26,청송방,https://cdn-pro-web-209-40.cdn-nhncommerce.com/edftr76860385_godomall_com/data/goods/23/04/17/21271/t50_21271_list_06.jpg#http://edftr76860385.godomall.com/goods/goods_view.php?goodsNo=21271,굿더치커피 유리병 3종 선물세트 콜드브루 커피원액#선택:1종,1,9900,구매확정,15:28,2023-04-26
2023-04-26,해담솔,https://cdn-pro-web-209-40.cdn-nhncommerce.com/edftr76860385_godomall_com/data/goods/23/02/08/18429/t50_18363_list_084.jpg#http://edftr76860385.godomall.com/goods/goods_view.php?goodsNo=18429,소화가잘되는우유저지방 190ml 24팩# ,1,16700,구매확정,14:31,2023-04-26
2023-04-26,해담솔,https://cdn-pro-web-209-40.cdn-nhncommerce.com/edftr76860385_godomall_com/data/goods/23/04/14/20351/t50_20351_list_042.jpg#http://edftr76860385.godomall.com/goods/goods_view.php?goodsNo=20351,영양어포튀각300g*1봉# ,3,17400,구매확정,14:22,2023-04-26
2023-04-24,트라이스,https://trys.speedgabia.com/tjnet/220104/R8.jpg#http://edftr76860385.godomall.com/goods/goods_view.php?goodsNo=21135,ROYALFORD 로얄포드 모던 인덱스 도마 세트 4p (도마3p+거치대)# ,1,15900,구매확정,11:07,2023-04-24
2023-04-24,해담솔,https://cdn-pro-web-209-40.cdn-nhncommerce.com/edftr76860385_godomall_com/data/goods/23/02/08/18393/t50_18324_list_085.jpg#http://edftr76860385.godomall.com/goods/goods_view.php?goodsNo=18393,어메이징오트 바리스타950ml 5팩# ,1,12750,구매확정,10:23,2023-04-24
2023-04-24,트라이스,https://keunmaru.speedgabia.com/2021/coco/02.jpg#http://edftr76860385.godomall.com/goods/goods_view.php?goodsNo=21179,VAIMAR 바이마르 코코 스탠 냄비 5종세트# ,1,49900,구매확정,10:15,2023-04-24
2023-04-24,이지드롭,https://gi.esmplus.com/daon0605/동서가구/thumb_019.jpg#http://edftr76860385.godomall.com/goods/goods_view.php?goodsNo=16867,변기크리너 허브향(핸들미포함) 변기청소 욕실청소 화장실 ..#상품선택:2)_허브향2팩(24개입)-핸들미포함,2,19620,구매확정,23:36,2023-04-23
2023-04-24,트라이스,https://trys2023.speedgabia.com/sindo/2023/01.30/1.jpg#http://edftr76860385.godomall.com/goods/goods_view.php?goodsNo=21216,VAIMAR 바이마르 뉴본 스텐 삼중바닥 냄비 캠핑 15종 풀세트(휴대용가방포함..# ,1,40900,구매확정,22:15,2023-04-23
2023-04-24,트라이스,https://trys2023.speedgabia.com/sindo/2023/01.30/1.jpg#http://edftr76860385.godomall.com/goods/goods_view.php?goodsNo=21216,VAIMAR 바이마르 뉴본 스텐 삼중바닥 냄비 캠핑 15종 풀세트(휴대용가방포함..# ,1,40900,구매확정,22:11,2023-04-23
2023-04-24,해담솔,https://cdn-pro-web-209-40.cdn-nhncommerce.com/edftr76860385_godomall_com/data/goods/23/02/08/18367/t50_18367_list_092.jpg#http://edftr76860385.godomall.com/goods/goods_view.php?goodsNo=18367,헬로엔요 플레인 200ml 24팩# ,1,13500,구매확정,22:07,2023-04-23
2023-04-24,트라이스,https://trys2023.speedgabia.com/sindo/2023/01.30/1.jpg#http://edftr76860385.godomall.com/goods/goods_view.php?goodsNo=21216,VAIMAR 바이마르 뉴본 스텐 삼중바닥 냄비 캠핑 15종 풀세트(휴대용가방포함..# ,1,40900,구매확정,21:51,2023-04-23
2023-04-24,(주)안산동서물류,https://cdn-pro-web-209-40.cdn-nhncommerce.com/edftr76860385_godomall_com/data/goods/23/02/06/18047/t50_18047_list_067.jpg#http://edftr76860385.godomall.com/goods/goods_view.php?goodsNo=18047,포스트 단백질바 500g(50g X10개입)# ,1,7120,구매확정,18:16,2023-04-23
2023-04-23,해담솔,https://cdn-pro-web-209-40.cdn-nhncommerce.com/edftr76860385_godomall_com/data/goods/23/02/08/18330/t50_18330_list_060.jpg#http://edftr76860385.godomall.com/goods/goods_view.php?goodsNo=18330,누텔라 스프레드370g 1개# ,3,11250,구매확정,11:07,2023-04-23
2023-04-23,트라이스,https://trys2023.speedgabia.com/sindo/2023/01.30/1.jpg#http://edftr76860385.godomall.com/goods/goods_view.php?goodsNo=21216,VAIMAR 바이마르 뉴본 스텐 삼중바닥 냄비 캠핑 15종 풀세트(휴대용가방포함..# ,1,40900,구매확정,04:58,2023-04-23
2023-04-23,트라이스,https://trys2023.speedgabia.com/homniz/2023/02.23/2.jpg#http://edftr76860385.godomall.com/goods/goods_view.php?goodsNo=21012,BORAL 보랄 3L 스테인레스 음식물 쓰레기통 BR-300L# ,1,29900,구매확정,21:09,2023-04-22
2023-04-23,트라이스,https://trys.speedgabia.com/vaimar/6_600.jpg#http://edftr76860385.godomall.com/goods/goods_view.php?goodsNo=21145,Vaimar 독일 바이마르 멀티 채반 믹싱볼세트 VMK-NE21E002# ,1,13900,구매확정,20:29,2023-04-22
2023-04-23,트라이스,http://bestdeal.speedgabia.com/500-500/bd_3099_500.jpg#http://edftr76860385.godomall.com/goods/goods_view.php?goodsNo=20838,Samsonite RED 쌤소나이트 레드 슬로칸 백팩 BLACK Q1409001# ,1,137900,구매확정,18:27,2023-04-22
2023-04-22,트라이스,https://trys2023.speedgabia.com/sindo/2023/01.30/1.jpg#http://edftr76860385.godomall.com/goods/goods_view.php?goodsNo=21216,VAIMAR 바이마르 뉴본 스텐 삼중바닥 냄비 캠핑 15종 풀세트(휴대용가방포함..# ,1,40900,구매확정,01:12,2023-04-22
2023-04-22,(주)안산동서물류,https://cdn-pro-web-209-40.cdn-nhncommerce.com/edftr76860385_godomall_com/data/goods/23/02/07/18202/t50_18202_list_021.jpg#http://edftr76860385.godomall.com/goods/goods_view.php?goodsNo=18202,특가 맥심/카누/모카골드/화이트골드 LV 모음 기획전#종류 선택:카누 미니 다크 150T X 2개(총 300T),1,54900,구매확정,20:55,2023-04-21
2023-04-20,파로마리빙,https://cdn-pro-web-209-40.cdn-nhncommerce.com/edftr76860385_godomall_com/data/goods/23/02/06/18075/t50_18075_list_045.jpg#http://edftr76860385.godomall.com/goods/goods_view.php?goodsNo=18075,코끼리 라인프렌즈 레트로 탁상용 무선 선풍기#캐릭터 선택:코니,1,29800,구매확정,21:14,2023-04-19
2023-04-19,(주)안산동서물류,https://cdn-pro-web-209-40.cdn-nhncommerce.com/edftr76860385_godomall_com/data/goods/23/02/06/17927/t50_17927_list_0100.jpg#http://edftr76860385.godomall.com/goods/goods_view.php?goodsNo=17927,맥심 모카골드 커피믹스 12g x 170T X 6개# ,1,122000,구매확정,12:39,2023-04-19
2023-04-19,(주)안산동서물류,https://cdn-pro-web-209-40.cdn-nhncommerce.com/edftr76860385_godomall_com/data/goods/23/02/06/17927/t50_17927_list_0100.jpg#http://edftr76860385.godomall.com/goods/goods_view.php?goodsNo=17927,맥심 모카골드 커피믹스 12g x 170T X 6개# ,1,122000,구매확정,08:03,2023-04-19
2023-04-19,KN디지털,https://shop-phinf.pstatic.net/20230113_226/1673575528434t8JyR_JPEG/74711363258293974_1602829207.jpg?type=m510#http://edftr76860385.godomall.com/goods/goods_view.php?goodsNo=19794,안방 AB701MF 연기 안나는 전기그릴 그릴 + 볶음팬 + 필터 + 가방 / KN# ,1,175000,구매확정,23:12,2023-04-18
2023-04-16,파로마리빙,https://cdn-pro-web-209-40.cdn-nhncommerce.com/edftr76860385_godomall_com/data/goods/23/02/06/16994/t50_16994_list_085.jpg#http://edftr76860385.godomall.com/goods/goods_view.php?goodsNo=16994,엠엔 써큘레이터형 BLDC 선풍기 삼성전자 ODM 제조사# ,1,89000,구매확정,14:43,2023-04-16
2023-04-15,(주)안산동서물류,https://cdn-pro-web-209-40.cdn-nhncommerce.com/edftr76860385_godomall_com/data/goods/23/02/06/17912/t50_17912_list_080.jpg#http://edftr76860385.godomall.com/goods/goods_view.php?goodsNo=17912,맥심 모카골드 라이트 커피믹스 11.8g x 180T X2개# ,1,36810,구매확정,21:30,2023-04-14
2023-04-15,(주)안산동서물류,https://cdn-pro-web-209-40.cdn-nhncommerce.com/edftr76860385_godomall_com/data/goods/23/02/06/17915/t50_17915_list_064.jpg#http://edftr76860385.godomall.com/goods/goods_view.php?goodsNo=17915,맥심 모카골드 라이트 커피믹스 11.8g x 180T X6개# ,1,109400,구매확정,18:49,2023-04-14
2023-04-14,해담솔,https://cdn-pro-web-209-40.cdn-nhncommerce.com/edftr76860385_godomall_com/data/goods/23/02/08/18435/t50_18352_list_021.jpg#http://edftr76860385.godomall.com/goods/goods_view.php?goodsNo=18435,상하목장 유기농멸균 저지방200ml 48팩# ,1,46000,입금대기,11:51,2023-04-14
2023-04-13,(주)안산동서물류,https://cdn-pro-web-209-40.cdn-nhncommerce.com/edftr76860385_godomall_com/data/goods/23/02/06/18069/t50_18069_list_044.jpg#http://edftr76860385.godomall.com/goods/goods_view.php?goodsNo=18069,포스트 팝콘 그래놀라 오리지널 350g# ,1,4400,구매확정,00:20,2023-04-13
2023-04-11,해담솔,https://cdn-pro-web-209-40.cdn-nhncommerce.com/edftr76860385_godomall_com/data/goods/23/02/08/18330/t50_18330_list_060.jpg#http://edftr76860385.godomall.com/goods/goods_view.php?goodsNo=18330,누텔라 스프레드370g 1개# ,15,55800,구매확정,10:25,2023-04-11
2023-04-11,해담솔,https://cdn-pro-web-209-40.cdn-nhncommerce.com/edftr76860385_godomall_com/data/goods/23/02/08/18367/t50_18367_list_092.jpg#http://edftr76860385.godomall.com/goods/goods_view.php?goodsNo=18367,헬로엔요 플레인 200ml 24팩# ,1,13500,구매확정,20:05,2023-04-10
2023-04-10,(주)안산동서물류,https://cdn-pro-web-209-40.cdn-nhncommerce.com/edftr76860385_godomall_com/data/goods/23/02/06/17927/t50_17927_list_0100.jpg#http://edftr76860385.godomall.com/goods/goods_view.php?goodsNo=17927,맥심 모카골드 커피믹스 12g x 170T X 6개# ,1,122000,구매확정,11:46,2023-04-10
2023-04-10,해담솔,https://cdn-pro-web-209-40.cdn-nhncommerce.com/edftr76860385_godomall_com/data/goods/23/02/08/18391/t50_18324_list_085.jpg#http://edftr76860385.godomall.com/goods/goods_view.php?goodsNo=18391,어메이징오트 바리스타950ml 10팩# ,1,24250,구매확정,01:18,2023-04-10
2023-04-09,해담솔,https://cdn-pro-web-209-40.cdn-nhncommerce.com/edftr76860385_godomall_com/data/goods/23/02/08/18391/t50_18324_list_085.jpg#http://edftr76860385.godomall.com/goods/goods_view.php?goodsNo=18391,어메이징오트 바리스타950ml 10팩# ,1,24250,구매확정,23:14,2023-04-08
2023-04-08,파로마리빙,https://cdn-pro-web-209-40.cdn-nhncommerce.com/edftr76860385_godomall_com/data/goods/23/02/06/18075/t50_18075_list_045.jpg#http://edftr76860385.godomall.com/goods/goods_view.php?goodsNo=18075,코끼리 라인프렌즈 레트로 탁상용 무선 선풍기#캐릭터 선택:브라운,1,29800,구매확정,16:35,2023-04-08
2023-04-07,이지드롭,https://gi.esmplus.com/daon0605/동서가구/thumb_005.jpg#http://edftr76860385.godomall.com/goods/goods_view.php?goodsNo=16861,변기크리너 블루핸들+리필(라벤더향) 세트 변기청소 욕실청소 화장실 변기솔#상품선택:2)_블루핸들1개+라벤더향2팩(24개입),1,14800,구매확정,16:27,2023-04-07
2023-04-06,(주)안산동서물류,https://cdn-pro-web-209-40.cdn-nhncommerce.com/edftr76860385_godomall_com/data/goods/23/02/06/17927/t50_17927_list_0100.jpg#http://edftr76860385.godomall.com/goods/goods_view.php?goodsNo=17927,맥심 모카골드 커피믹스 12g x 170T X 6개# ,1,122000,구매확정,22:26,2023-04-05
2023-04-05,해담솔,https://cdn-pro-web-209-40.cdn-nhncommerce.com/edftr76860385_godomall_com/data/goods/23/02/08/18324/t50_18324_list_085.jpg#http://edftr76860385.godomall.com/goods/goods_view.php?goodsNo=18324,어메이징오트 바리스타950ml 10팩# ,1,27250,구매확정,12:23,2023-04-05
2023-04-05,(주)안산동서물류,https://cdn-pro-web-209-40.cdn-nhncommerce.com/edftr76860385_godomall_com/data/goods/23/02/06/17969/t50_17969_list_099.png#http://edftr76860385.godomall.com/goods/goods_view.php?goodsNo=17969,스타벅스 더블샷 에스프레소앤크림 200ml x 36개입# ,1,38900,구매확정,09:35,2023-04-05
2023-04-04,(주)안산동서물류,https://cdn-pro-web-209-40.cdn-nhncommerce.com/edftr76860385_godomall_com/data/goods/23/02/06/17927/t50_17927_list_0100.jpg#http://edftr76860385.godomall.com/goods/goods_view.php?goodsNo=17927,맥심 모카골드 커피믹스 12g x 170T X 6개# ,1,122000,구매확정,14:09,2023-04-04
2023-04-04,파로마리빙,https://cdn-pro-web-209-40.cdn-nhncommerce.com/edftr76860385_godomall_com/data/goods/23/02/06/18075/t50_18075_list_045.jpg#http://edftr76860385.godomall.com/goods/goods_view.php?goodsNo=18075,코끼리 라인프렌즈 레트로 탁상용 무선 선풍기#캐릭터 선택:브라운,2,59600,구매확정,11:01,2023-04-04
2023-04-04,파로마리빙,https://cdn-pro-web-209-40.cdn-nhncommerce.com/edftr76860385_godomall_com/data/goods/23/02/06/18075/t50_18075_list_045.jpg#http://edftr76860385.godomall.com/goods/goods_view.php?goodsNo=18075,코끼리 라인프렌즈 레트로 탁상용 무선 선풍기#캐릭터 선택:샐리,2,59600,구매확정,11:01,2023-04-04
2023-04-03,(주)안산동서물류,https://cdn-pro-web-209-40.cdn-nhncommerce.com/edftr76860385_godomall_com/data/goods/23/02/06/17927/t50_17927_list_0100.jpg#http://edftr76860385.godomall.com/goods/goods_view.php?goodsNo=17927,맥심 모카골드 커피믹스 12g x 170T X 6개# ,1,122000,구매확정,14:06,2023-04-03
2023-04-03,(주)안산동서물류,https://cdn-pro-web-209-40.cdn-nhncommerce.com/edftr76860385_godomall_com/data/goods/23/02/06/17911/t50_17911_list_078.jpg#http://edftr76860385.godomall.com/goods/goods_view.php?goodsNo=17911,맥심 모카골드 라이트 커피믹스 11.8g x 180T# ,1,18300,구매확정,12:58,2023-04-03
2023-04-03,해담솔,https://cdn-pro-web-209-40.cdn-nhncommerce.com/edftr76860385_godomall_com/data/goods/23/02/08/18330/t50_18330_list_060.jpg#http://edftr76860385.godomall.com/goods/goods_view.php?goodsNo=18330,누텔라 스프레드370g 1개# ,20,74400,구매확정,11:18,2023-04-03
2023-04-03,해담솔,https://cdn-pro-web-209-40.cdn-nhncommerce.com/edftr76860385_godomall_com/data/goods/23/02/08/18367/t50_18367_list_092.jpg#http://edftr76860385.godomall.com/goods/goods_view.php?goodsNo=18367,헬로엔요 플레인 200ml 24팩# ,1,13500,구매확정,17:19,2023-04-02
2023-04-02,(주)안산동서물류,https://cdn-pro-web-209-40.cdn-nhncommerce.com/edftr76860385_godomall_com/data/goods/23/02/06/17914/t50_17914_list_065.jpg#http://edftr76860385.godomall.com/goods/goods_view.php?goodsNo=17914,맥심 모카골드 라이트 커피믹스 11.8g x 180T X4개# ,1,72900,구매확정,13:38,2023-04-02
2023-04-02,해담솔,https://cdn-pro-web-209-40.cdn-nhncommerce.com/edftr76860385_godomall_com/data/goods/23/02/08/18330/t50_18330_list_060.jpg#http://edftr76860385.godomall.com/goods/goods_view.php?goodsNo=18330,누텔라 스프레드370g 1개# ,5,18750,구매확정,19:44,2023-04-01
2023-04-02,(주)안산동서물류,https://cdn-pro-web-209-40.cdn-nhncommerce.com/edftr76860385_godomall_com/data/goods/23/02/06/17956/t50_17956_list_091.jpg#http://edftr76860385.godomall.com/goods/goods_view.php?goodsNo=17956,맥심 화이트골드 커피믹스 11.7g X 210T X3개# ,1,72490,구매확정,17:40,2023-04-01
2023-03-30,(주)안산동서물류,https://cdn-pro-web-209-40.cdn-nhncommerce.com/edftr76860385_godomall_com/data/goods/23/02/06/18042/t50_18042_list_044.png#http://edftr76860385.godomall.com/goods/goods_view.php?goodsNo=18042,포스트 그래놀라 크랜베리 아몬드 570g X4개# ,1,18720,구매확정,13:42,2023-03-30
2023-03-30,(주)안산동서물류,https://cdn-pro-web-209-40.cdn-nhncommerce.com/edftr76860385_godomall_com/data/goods/23/02/06/17915/t50_17915_list_064.jpg#http://edftr76860385.godomall.com/goods/goods_view.php?goodsNo=17915,맥심 모카골드 라이트 커피믹스 11.8g x 180T X6개# ,1,109400,구매확정,11:13,2023-03-30
2023-03-30,(주)안산동서물류,https://cdn-pro-web-209-40.cdn-nhncommerce.com/edftr76860385_godomall_com/data/goods/23/02/06/17956/t50_17956_list_091.jpg#http://edftr76860385.godomall.com/goods/goods_view.php?goodsNo=17956,맥심 화이트골드 커피믹스 11.7g X 210T X3개# ,1,72490,구매확정,10:49,2023-03-30
2023-03-30,(주)안산동서물류,https://cdn-pro-web-209-40.cdn-nhncommerce.com/edftr76860385_godomall_com/data/goods/23/02/06/18042/t50_18042_list_044.png#http://edftr76860385.godomall.com/goods/goods_view.php?goodsNo=18042,포스트 그래놀라 크랜베리 아몬드 570g X4개# ,1,18720,구매확정,10:35,2023-03-30
2023-03-30,(주)안산동서물류,https://cdn-pro-web-209-40.cdn-nhncommerce.com/edftr76860385_godomall_com/data/goods/23/02/06/18042/t50_18042_list_044.png#http://edftr76860385.godomall.com/goods/goods_view.php?goodsNo=18042,포스트 그래놀라 크랜베리 아몬드 570g X4개# ,1,18720,구매확정,23:13,2023-03-29
2023-03-28,(주)안산동서물류,https://cdn-pro-web-209-40.cdn-nhncommerce.com/edftr76860385_godomall_com/data/goods/23/02/07/18202/t50_18202_list_021.jpg#http://edftr76860385.godomall.com/goods/goods_view.php?goodsNo=18202,특가 맥심/카누/모카골드/화이트골드 LV 모음 기획전#종류 선택:슈프림골드 170T,1,28500,구매확정,15:49,2023-03-28
2023-03-28,(주)안산동서물류,https://cdn-pro-web-209-40.cdn-nhncommerce.com/edftr76860385_godomall_com/data/goods/23/02/06/18042/t50_18042_list_044.png#http://edftr76860385.godomall.com/goods/goods_view.php?goodsNo=18042,포스트 그래놀라 크랜베리 아몬드 570g X4개# ,1,18720,구매확정,10:46,2023-03-28
2023-03-28,(주)안산동서물류,https://cdn-pro-web-209-40.cdn-nhncommerce.com/edftr76860385_godomall_com/data/goods/23/02/06/18042/t50_18042_list_044.png#http://edftr76860385.godomall.com/goods/goods_view.php?goodsNo=18042,포스트 그래놀라 크랜베리 아몬드 570g X4개# ,1,18720,구매확정,17:18,2023-03-27
2023-03-27,해담솔,https://cdn-pro-web-209-40.cdn-nhncommerce.com/edftr76860385_godomall_com/data/goods/23/02/08/18391/t50_18324_list_085.jpg#http://edftr76860385.godomall.com/goods/goods_view.php?goodsNo=18391,어메이징오트 바리스타950ml 10팩# ,1,24250,구매확정,22:15,2023-03-26
2023-03-26,해담솔,https://cdn-pro-web-209-40.cdn-nhncommerce.com/edftr76860385_godomall_com/data/goods/23/02/08/18391/t50_18324_list_085.jpg#http://edftr76860385.godomall.com/goods/goods_view.php?goodsNo=18391,어메이징오트 바리스타950ml 10팩# ,13,315250,구매확정,15:11,2023-03-26
2023-03-26,(주)안산동서물류,https://cdn-pro-web-209-40.cdn-nhncommerce.com/edftr76860385_godomall_com/data/goods/23/02/06/18042/t50_18042_list_044.png#http://edftr76860385.godomall.com/goods/goods_view.php?goodsNo=18042,포스트 그래놀라 크랜베리 아몬드 570g X4개# ,1,18720,구매확정,08:24,2023-03-26
2023-03-26,(주)안산동서물류,https://cdn-pro-web-209-40.cdn-nhncommerce.com/edftr76860385_godomall_com/data/goods/23/02/06/18042/t50_18042_list_044.png#http://edftr76860385.godomall.com/goods/goods_view.php?goodsNo=18042,포스트 그래놀라 크랜베리 아몬드 570g X4개# ,1,18720,구매확정,17:57,2023-03-25
2023-03-25,(주)안산동서물류,https://cdn-pro-web-209-40.cdn-nhncommerce.com/edftr76860385_godomall_com/data/goods/23/02/06/18042/t50_18042_list_044.png#http://edftr76860385.godomall.com/goods/goods_view.php?goodsNo=18042,포스트 그래놀라 크랜베리 아몬드 570g X4개# ,1,18720,구매확정,13:36,2023-03-25
2023-03-25,(주)안산동서물류,https://cdn-pro-web-209-40.cdn-nhncommerce.com/edftr76860385_godomall_com/data/goods/23/02/06/18052/t50_18052_list_012.jpg#http://edftr76860385.godomall.com/goods/goods_view.php?goodsNo=18052,포스트 아몬드 후레이크 1000g X10개 (10kg)# ,1,85400,구매확정,01:40,2023-03-25
2023-03-24,이지드롭,https://gi.esmplus.com/daon0605/동서가구/thumb_005.jpg#http://edftr76860385.godomall.com/goods/goods_view.php?goodsNo=16861,변기크리너 블루핸들+리필(라벤더향) 세트 변기청소 욕실청소 화장실 변기솔#상품선택:1)_블루핸들1개+라벤더향1팩(12개입),1,9900,구매확정,11:52,2023-03-24
2023-03-24,해담솔,https://cdn-pro-web-209-40.cdn-nhncommerce.com/edftr76860385_godomall_com/data/goods/23/02/08/18324/t50_18324_list_085.jpg#http://edftr76860385.godomall.com/goods/goods_view.php?goodsNo=18324,어메이징오트 바리스타950ml 10팩# ,1,27250,구매확정,01:03,2023-03-24
2023-03-24,(주)안산동서물류,https://cdn-pro-web-209-40.cdn-nhncommerce.com/edftr76860385_godomall_com/data/goods/23/02/06/17915/t50_17915_list_064.jpg#http://edftr76860385.godomall.com/goods/goods_view.php?goodsNo=17915,맥심 모카골드 라이트 커피믹스 11.8g x 180T X6개# ,1,109400,구매확정,23:28,2023-03-23
2023-03-23,(주)안산동서물류,https://cdn-pro-web-209-40.cdn-nhncommerce.com/edftr76860385_godomall_com/data/goods/23/02/06/17915/t50_17915_list_064.jpg#http://edftr76860385.godomall.com/goods/goods_view.php?goodsNo=17915,맥심 모카골드 라이트 커피믹스 11.8g x 180T X6개# ,1,109400,구매확정,13:31,2023-03-23
2023-03-22,파로마리빙,https://cdn-pro-web-209-40.cdn-nhncommerce.com/edftr76860385_godomall_com/data/goods/23/02/05/16947/t50_16947_list_030.jpg#http://edftr76860385.godomall.com/goods/goods_view.php?goodsNo=16947,도깨비 IH 압력 가마솥 인덕션 가스 겸용 1~2인용 압력밥솥#상품을 선택하세요:도깨비 압력솥+나무받침,2,168000,구매확정,15:55,2023-03-22
2023-03-22,해담솔,https://cdn-pro-web-209-40.cdn-nhncommerce.com/edftr76860385_godomall_com/data/goods/23/02/09/18462/t50_18462_list_092.jpg#http://edftr76860385.godomall.com/goods/goods_view.php?goodsNo=18462,성주참외 고당도 꿀참외 당일수확 산지직송/1.5kg/2kg/5kg#선택:성주참외대과3kg/5~11과,1,21900,구매확정,13:28,2023-03-22
2023-03-21,해담솔,https://cdn-pro-web-209-40.cdn-nhncommerce.com/edftr76860385_godomall_com/data/goods/23/02/08/18391/t50_18324_list_085.jpg#http://edftr76860385.godomall.com/goods/goods_view.php?goodsNo=18391,어메이징오트 바리스타950ml 10팩# ,1,24250,구매확정,14:09,2023-03-21
2023-03-20,이지드롭,https://gi.esmplus.com/daon0605/동서가구/thumb_009.jpg#http://edftr76860385.godomall.com/goods/goods_view.php?goodsNo=16864,변기크리너 블루핸들+리필(화이트머스크향) 세트 변기청소 욕실청소 화장실 변..#상품선택:1)_블루핸들1개+화이트머스크향1팩(12개입),1,9900,구매확정,13:37,2023-03-20
2023-03-20,해담솔,https://cdn-pro-web-209-40.cdn-nhncommerce.com/edftr76860385_godomall_com/data/goods/23/02/08/18330/t50_18330_list_060.jpg#http://edftr76860385.godomall.com/goods/goods_view.php?goodsNo=18330,누텔라 스프레드370g 1개# ,15,56250,구매확정,12:13,2023-03-20
2023-03-18,이지드롭,https://gi.esmplus.com/daon0605/동서가구/thumb_005.jpg#http://edftr76860385.godomall.com/goods/goods_view.php?goodsNo=16861,변기크리너 블루핸들+리필(라벤더향) 세트 변기청소 욕실청소 화장실 변기솔#상품선택:1)_블루핸들1개+라벤더향1팩(12개입),1,9900,구매확정,10:23,2023-03-18
2023-03-17,(주)안산동서물류,https://cdn-pro-web-209-40.cdn-nhncommerce.com/edftr76860385_godomall_com/data/goods/23/02/06/17993/t50_17993_list_040.jpg#http://edftr76860385.godomall.com/goods/goods_view.php?goodsNo=17993,카누 미니 마일드 로스트 0.9g x 130개입(100+30T추가)# ,1,21400,구매확정,22:29,2023-03-16
2023-03-17,해담솔,https://cdn-pro-web-209-40.cdn-nhncommerce.com/edftr76860385_godomall_com/data/goods/23/02/08/18324/t50_18324_list_085.jpg#http://edftr76860385.godomall.com/goods/goods_view.php?goodsNo=18324,어메이징오트 바리스타950ml 10팩# ,1,27250,구매확정,21:59,2023-03-16
2023-03-17,해담솔,https://cdn-pro-web-209-40.cdn-nhncommerce.com/edftr76860385_godomall_com/data/goods/23/02/08/18327/t50_18327_list_038.jpg#http://edftr76860385.godomall.com/goods/goods_view.php?goodsNo=18327,킨더 초콜릿 미니 20개입 1봉# ,6,15600,구매확정,20:23,2023-03-16
2023-03-17,해담솔,https://cdn-pro-web-209-40.cdn-nhncommerce.com/edftr76860385_godomall_com/data/goods/23/02/08/18327/t50_18327_list_038.jpg#http://edftr76860385.godomall.com/goods/goods_view.php?goodsNo=18327,킨더 초콜릿 미니 20개입 1봉# ,10,26000,구매확정,17:03,2023-03-16
2023-03-16,해담솔,https://cdn-pro-web-209-40.cdn-nhncommerce.com/edftr76860385_godomall_com/data/goods/23/02/09/18462/t50_18462_list_092.jpg#http://edftr76860385.godomall.com/goods/goods_view.php?goodsNo=18462,성주참외 고당도 꿀참외 당일수확 산지직송/1.5kg/2kg/5kg#구성선택:못난이 실속형 혼합구성_상세선택:2kg,1,14500,구매확정,12:03,2023-03-16
2023-03-15,해담솔,https://cdn-pro-web-209-40.cdn-nhncommerce.com/edftr76860385_godomall_com/data/goods/23/02/08/18327/t50_18327_list_038.jpg#http://edftr76860385.godomall.com/goods/goods_view.php?goodsNo=18327,킨더 초콜릿 미니 20개입 1봉# ,3,7800,구매확정,16:25,2023-03-15
2023-03-15,해담솔,https://cdn-pro-web-209-40.cdn-nhncommerce.com/edftr76860385_godomall_com/data/goods/23/02/08/18327/t50_18327_list_038.jpg#http://edftr76860385.godomall.com/goods/goods_view.php?goodsNo=18327,킨더 초콜릿 미니 20개입 1봉# ,4,10400,구매확정,16:11,2023-03-15
2023-03-15,해담솔,https://cdn-pro-web-209-40.cdn-nhncommerce.com/edftr76860385_godomall_com/data/goods/23/02/09/18462/t50_18462_list_092.jpg#http://edftr76860385.godomall.com/goods/goods_view.php?goodsNo=18462,성주참외 고당도 꿀참외 당일수확 산지직송/1.5kg/2kg/5kg#구성선택:못난이 실속형 혼합구성_상세선택:1.5kg,1,11900,구매확정,14:42,2023-03-15
2023-03-15,(주)안산동서물류,https://cdn-pro-web-209-40.cdn-nhncommerce.com/edftr76860385_godomall_com/data/goods/23/02/06/17918/t50_17918_list_058.jpg#http://edftr76860385.godomall.com/goods/goods_view.php?goodsNo=17918,맥심 모카골드 마일드 커피믹스 12g X 210T X2개# ,1,48500,구매확정,11:05,2023-03-15
2023-03-15,해담솔,https://cdn-pro-web-209-40.cdn-nhncommerce.com/edftr76860385_godomall_com/data/goods/23/02/08/18317/t50_18317_list_095.jpg#http://edftr76860385.godomall.com/goods/goods_view.php?goodsNo=18317,BBQ 스모크 치킨560g 3개# ,1,28500,구매확정,00:48,2023-03-15
2023-03-15,이지드롭,https://gi.esmplus.com/daon0605/동서가구/thumb_015.jpg#http://edftr76860385.godomall.com/goods/goods_view.php?goodsNo=16866,변기크리너 라벤더향(핸들미포함) 변기청소 욕실청소 화장실 변기솔#상품선택:2)_라벤더향2팩(24개입)-핸들미포함,1,9900,구매확정,21:34,2023-03-14
2023-03-14,해담솔,https://cdn-pro-web-209-40.cdn-nhncommerce.com/edftr76860385_godomall_com/data/goods/23/02/08/18327/t50_18327_list_038.jpg#http://edftr76860385.godomall.com/goods/goods_view.php?goodsNo=18327,킨더 초콜릿 미니 20개입 1봉# ,10,26000,구매확정,16:46,2023-03-14
2023-03-14,해담솔,https://cdn-pro-web-209-40.cdn-nhncommerce.com/edftr76860385_godomall_com/data/goods/23/02/08/18323/t50_18323_list_038.jpg#http://edftr76860385.godomall.com/goods/goods_view.php?goodsNo=18323,BBQ 자메이카 통다리 바비큐170g 4개# ,1,9900,구매확정,20:47,2023-03-13
2023-03-13,해담솔,https://cdn-pro-web-209-40.cdn-nhncommerce.com/edftr76860385_godomall_com/data/goods/23/02/08/18321/t50_18321_list_01.jpg#http://edftr76860385.godomall.com/goods/goods_view.php?goodsNo=18321,BBQ 자메이카 통다리 바비큐170g 10개# ,1,26500,구매확정,16:16,2023-03-13
2023-03-13,해담솔,https://cdn-pro-web-209-40.cdn-nhncommerce.com/edftr76860385_godomall_com/data/goods/23/02/08/18327/t50_18327_list_038.jpg#http://edftr76860385.godomall.com/goods/goods_view.php?goodsNo=18327,킨더 초콜릿 미니 20개입 1봉# ,6,15600,구매확정,16:09,2023-03-13
2023-03-13,해담솔,https://cdn-pro-web-209-40.cdn-nhncommerce.com/edftr76860385_godomall_com/data/goods/23/02/08/18327/t50_18327_list_038.jpg#http://edftr76860385.godomall.com/goods/goods_view.php?goodsNo=18327,킨더 초콜릿 미니 20개입 1봉# ,3,7800,구매확정,15:20,2023-03-13
2023-03-12,파로마리빙,https://cdn-pro-web-209-40.cdn-nhncommerce.com/edftr76860385_godomall_com/data/goods/23/02/05/16947/t50_16947_list_030.jpg#http://edftr76860385.godomall.com/goods/goods_view.php?goodsNo=16947,도깨비 IH 압력 가마솥 인덕션 가스 겸용 1~2인용 압력밥솥#상품을 선택하세요:도깨비 압력솥+나무받침,1,83900,구매확정,13:51,2023-03-12
2023-03-12,(주)안산동서물류,https://cdn-pro-web-209-40.cdn-nhncommerce.com/edftr76860385_godomall_com/data/goods/23/02/06/17989/t50_17989_list_041.jpg#http://edftr76860385.godomall.com/goods/goods_view.php?goodsNo=17989,카누 미니 라이트 로스트(신제품) 100T(사은품 포함)# ,1,18800,구매확정,10:08,2023-03-12
2023-03-12,해담솔,https://cdn-pro-web-209-40.cdn-nhncommerce.com/edftr76860385_godomall_com/data/goods/23/02/08/18321/t50_18321_list_01.jpg#http://edftr76860385.godomall.com/goods/goods_view.php?goodsNo=18321,BBQ 자메이카 통다리 바비큐170g 10개# ,1,26500,구매확정,21:19,2023-03-11
2023-03-12,파로마리빙,https://cdn-pro-web-209-40.cdn-nhncommerce.com/edftr76860385_godomall_com/data/goods/23/02/05/16946/t50_16946_list_03.jpg#http://edftr76860385.godomall.com/goods/goods_view.php?goodsNo=16946,코끼리 제로맙 무선 물걸레청소기 KLV-DV8901 물분사 기능#상품을 선택하세요:레드(물걸레세트),1,39900,구매확정,18:24,2023-03-11
2023-03-12,해담솔,https://cdn-pro-web-209-40.cdn-nhncommerce.com/edftr76860385_godomall_com/data/goods/23/02/08/18327/t50_18327_list_038.jpg#http://edftr76860385.godomall.com/goods/goods_view.php?goodsNo=18327,킨더 초콜릿 미니 20개입 1봉# ,4,10400,구매확정,17:00,2023-03-11
2023-03-11,해담솔,https://cdn-pro-web-209-40.cdn-nhncommerce.com/edftr76860385_godomall_com/data/goods/23/02/08/18327/t50_18327_list_038.jpg#http://edftr76860385.godomall.com/goods/goods_view.php?goodsNo=18327,킨더 초콜릿 미니 20개입 1봉# ,5,13000,구매확정,14:26,2023-03-11
2023-03-11,(주)안산동서물류,https://cdn-pro-web-209-40.cdn-nhncommerce.com/edftr76860385_godomall_com/data/goods/23/02/06/17939/t50_17939_list_017.jpg#http://edftr76860385.godomall.com/goods/goods_view.php?goodsNo=17939,맥심 슈프림골드 커피믹스 13.5g X 170개입# ,1,25990,구매확정,14:07,2023-03-11
2023-03-11,해담솔,https://cdn-pro-web-209-40.cdn-nhncommerce.com/edftr76860385_godomall_com/data/goods/23/02/08/18321/t50_18321_list_01.jpg#http://edftr76860385.godomall.com/goods/goods_view.php?goodsNo=18321,BBQ 자메이카 통다리 바비큐170g 10개# ,1,26500,구매확정,11:59,2023-03-11
2023-03-11,(주)안산동서물류,https://cdn-pro-web-209-40.cdn-nhncommerce.com/edftr76860385_godomall_com/data/goods/23/02/06/18041/t50_18041_list_012.jpg#http://edftr76860385.godomall.com/goods/goods_view.php?goodsNo=18041,포스트 그래놀라 크랜베리 아몬드 570g X3개# ,1,14200,구매확정,00:19,2023-03-11
2023-03-11,해담솔,https://cdn-pro-web-209-40.cdn-nhncommerce.com/edftr76860385_godomall_com/data/goods/23/02/08/18327/t50_18327_list_038.jpg#http://edftr76860385.godomall.com/goods/goods_view.php?goodsNo=18327,킨더 초콜릿 미니 20개입 1봉# ,3,7800,구매확정,22:15,2023-03-10
2023-03-11,해담솔,https://cdn-pro-web-209-40.cdn-nhncommerce.com/edftr76860385_godomall_com/data/goods/23/02/08/18326/t50_18326_list_013.jpg#http://edftr76860385.godomall.com/goods/goods_view.php?goodsNo=18326,킨더 초콜릿 미니 20개입 6봉# ,1,15600,구매확정,21:57,2023-03-10
2023-03-11,해담솔,https://cdn-pro-web-209-40.cdn-nhncommerce.com/edftr76860385_godomall_com/data/goods/23/02/08/18327/t50_18327_list_038.jpg#http://edftr76860385.godomall.com/goods/goods_view.php?goodsNo=18327,킨더 초콜릿 미니 20개입 1봉# ,6,15600,구매확정,20:04,2023-03-10
2023-03-10,해담솔,https://cdn-pro-web-209-40.cdn-nhncommerce.com/edftr76860385_godomall_com/data/goods/23/02/08/18327/t50_18327_list_038.jpg#http://edftr76860385.godomall.com/goods/goods_view.php?goodsNo=18327,킨더 초콜릿 미니 20개입 1봉# ,6,15600,구매확정,14:41,2023-03-10
2023-03-10,해담솔,https://cdn-pro-web-209-40.cdn-nhncommerce.com/edftr76860385_godomall_com/data/goods/23/02/09/18462/t50_18462_list_092.jpg#http://edftr76860385.godomall.com/goods/goods_view.php?goodsNo=18462,성주참외 고당도 꿀참외 당일수확 산지직송/1.5kg/2kg/5kg#구성선택:못난이 실속형 혼합구성_상세선택:5kg,1,29900,구매확정,12:25,2023-03-10
2023-03-10,(주)안산동서물류,https://cdn-pro-web-209-40.cdn-nhncommerce.com/edftr76860385_godomall_com/data/goods/23/02/06/17927/t50_17927_list_0100.jpg#http://edftr76860385.godomall.com/goods/goods_view.php?goodsNo=17927,맥심 모카골드 커피믹스 12g x 170T X 6개# ,1,122000,구매확정,11:43,2023-03-10
2023-03-10,(주)안산동서물류,https://cdn-pro-web-209-40.cdn-nhncommerce.com/edftr76860385_godomall_com/data/goods/23/02/06/17911/t50_17911_list_078.jpg#http://edftr76860385.godomall.com/goods/goods_view.php?goodsNo=17911,맥심 모카골드 라이트 커피믹스 11.8g x 180T# ,1,18300,구매확정,11:08,2023-03-10
2023-03-10,(주)안산동서물류,https://cdn-pro-web-209-40.cdn-nhncommerce.com/edftr76860385_godomall_com/data/goods/23/02/06/17927/t50_17927_list_0100.jpg#http://edftr76860385.godomall.com/goods/goods_view.php?goodsNo=17927,맥심 모카골드 커피믹스 12g x 170T X 6개# ,1,122000,구매확정,10:35,2023-03-10
2023-03-10,해담솔,https://cdn-pro-web-209-40.cdn-nhncommerce.com/edftr76860385_godomall_com/data/goods/23/02/08/18460/t50_18317_list_095.jpg#http://edftr76860385.godomall.com/goods/goods_view.php?goodsNo=18460,BBQ 스모크 치킨560g 4개# ,1,38500,구매확정,18:58,2023-03-09
2023-03-09,(주)안산동서물류,https://cdn-pro-web-209-40.cdn-nhncommerce.com/edftr76860385_godomall_com/data/goods/23/02/06/17923/t50_17923_list_092.jpg#http://edftr76860385.godomall.com/goods/goods_view.php?goodsNo=17923,맥심 모카골드 커피믹스 12g x 170T X 2개# ,1,40890,구매확정,14:10,2023-03-09
2023-03-09,(주)안산동서물류,https://cdn-pro-web-209-40.cdn-nhncommerce.com/edftr76860385_godomall_com/data/goods/23/02/06/17914/t50_17914_list_065.jpg#http://edftr76860385.godomall.com/goods/goods_view.php?goodsNo=17914,맥심 모카골드 라이트 커피믹스 11.8g x 180T X4개# ,1,72900,구매확정,23:15,2023-03-08
2023-03-09,(주)안산동서물류,https://cdn-pro-web-209-40.cdn-nhncommerce.com/edftr76860385_godomall_com/data/goods/23/02/06/18041/t50_18041_list_012.jpg#http://edftr76860385.godomall.com/goods/goods_view.php?goodsNo=18041,포스트 그래놀라 크랜베리 아몬드 570g X3개# ,1,14200,구매확정,22:04,2023-03-08
2023-03-09,(주)안산동서물류,https://cdn-pro-web-209-40.cdn-nhncommerce.com/edftr76860385_godomall_com/data/goods/23/02/07/18194/t50_18194_list_022.jpg#http://edftr76860385.godomall.com/goods/goods_view.php?goodsNo=18194,코코볼 1000g# ,1,9000,구매확정,21:13,2023-03-08
2023-03-08,이지드롭,https://gi.esmplus.com/daon0605/동서가구/thumb_005.jpg#http://edftr76860385.godomall.com/goods/goods_view.php?goodsNo=16861,변기크리너 블루핸들+리필(라벤더향) 세트 변기청소 욕실청소 화장실 변기솔#상품선택:1)_블루핸들1개+라벤더향1팩(12개입),1,9900,구매확정,15:56,2023-03-08
2023-03-08,이지드롭,https://gi.esmplus.com/daon0605/동서가구/thumb_005.jpg#http://edftr76860385.godomall.com/goods/goods_view.php?goodsNo=16861,변기크리너 블루핸들+리필(라벤더향) 세트 변기청소 욕실청소 화장실 변기솔#상품선택:1)_블루핸들1개+라벤더향1팩(12개입),1,9900,구매확정,14:36,2023-03-08
2023-03-08,해담솔,https://cdn-pro-web-209-40.cdn-nhncommerce.com/edftr76860385_godomall_com/data/goods/23/02/08/18330/t50_18330_list_060.jpg#http://edftr76860385.godomall.com/goods/goods_view.php?goodsNo=18330,누텔라 스프레드370g 1개# ,2,7500,구매확정,07:16,2023-03-08
2023-03-08,파로마리빙,https://cdn-pro-web-209-40.cdn-nhncommerce.com/edftr76860385_godomall_com/data/goods/23/02/05/16946/t50_16946_list_03.jpg#http://edftr76860385.godomall.com/goods/goods_view.php?goodsNo=16946,코끼리 제로맙 무선 물걸레청소기 KLV-DV8901 물분사 기능#상품을 선택하세요:레드(물걸레세트),1,39900,구매확정,01:25,2023-03-08
2023-03-08,(주)안산동서물류,https://cdn-pro-web-209-40.cdn-nhncommerce.com/edftr76860385_godomall_com/data/goods/23/02/06/18041/t50_18041_list_012.jpg#http://edftr76860385.godomall.com/goods/goods_view.php?goodsNo=18041,포스트 그래놀라 크랜베리 아몬드 570g X3개# ,1,14200,구매확정,20:14,2023-03-07
2023-03-07,해담솔,https://cdn-pro-web-209-40.cdn-nhncommerce.com/edftr76860385_godomall_com/data/goods/23/02/08/18327/t50_18327_list_038.jpg#http://edftr76860385.godomall.com/goods/goods_view.php?goodsNo=18327,킨더 초콜릿 미니 20개입 1봉# ,2,5200,구매확정,16:06,2023-03-07
2023-03-07,해담솔,https://cdn-pro-web-209-40.cdn-nhncommerce.com/edftr76860385_godomall_com/data/goods/23/02/08/18324/t50_18324_list_085.jpg#http://edftr76860385.godomall.com/goods/goods_view.php?goodsNo=18324,어메이징오트 바리스타950ml 10팩# ,1,27250,구매확정,13:53,2023-03-07
2023-03-07,(주)안산동서물류,https://cdn-pro-web-209-40.cdn-nhncommerce.com/edftr76860385_godomall_com/data/goods/23/02/06/17944/t50_17944_list_055.jpg#http://edftr76860385.godomall.com/goods/goods_view.php?goodsNo=17944,맥심 카누 미니 다크 로스트 0.9g X 130개입(100+30T추가)# ,1,20990,구매확정,13:49,2023-03-07
2023-03-07,(주)안산동서물류,https://cdn-pro-web-209-40.cdn-nhncommerce.com/edftr76860385_godomall_com/data/goods/23/02/06/17913/t50_17913_list_098.jpg#http://edftr76860385.godomall.com/goods/goods_view.php?goodsNo=17913,맥심 모카골드 라이트 커피믹스 11.8g x 180T X3개# ,1,54920,구매확정,01:56,2023-03-07
2023-03-07,(주)안산동서물류,https://cdn-pro-web-209-40.cdn-nhncommerce.com/edftr76860385_godomall_com/data/goods/23/02/06/17912/t50_17912_list_080.jpg#http://edftr76860385.godomall.com/goods/goods_view.php?goodsNo=17912,맥심 모카골드 라이트 커피믹스 11.8g x 180T X2개# ,1,36810,구매확정,20:06,2023-03-06
2023-03-06,파로마리빙,https://cdn-pro-web-209-40.cdn-nhncommerce.com/edftr76860385_godomall_com/data/goods/23/02/05/16953/t50_16953_list_066.jpg#http://edftr76860385.godomall.com/goods/goods_view.php?goodsNo=16953,대우 물걸레 스팀청소기 5in1 고압스팀기 핸디형 스팀분사기# ,1,112000,구매확정,16:14,2023-03-06
2023-03-06,(주)안산동서물류,https://cdn-pro-web-209-40.cdn-nhncommerce.com/edftr76860385_godomall_com/data/goods/23/02/06/17932/t50_17932_list_063.jpg#http://edftr76860385.godomall.com/goods/goods_view.php?goodsNo=17932,맥심 미니 카누 다크로스트 0.9g X 150T X 5개# ,1,131890,구매확정,16:00,2023-03-06
2023-03-06,(주)안산동서물류,https://cdn-pro-web-209-40.cdn-nhncommerce.com/edftr76860385_godomall_com/data/goods/23/02/06/17971/t50_17971_list_033.jpg#http://edftr76860385.godomall.com/goods/goods_view.php?goodsNo=17971,여름엔 아이스커피 커피믹스 50T(13g x50개입)# ,2,14980,구매확정,12:02,2023-03-06
2023-03-06,(주)안산동서물류,https://cdn-pro-web-209-40.cdn-nhncommerce.com/edftr76860385_godomall_com/data/goods/23/02/06/17971/t50_17971_list_033.jpg#http://edftr76860385.godomall.com/goods/goods_view.php?goodsNo=17971,여름엔 아이스커피 커피믹스 50T(13g x50개입)# ,2,14980,구매확정,11:58,2023-03-06
2023-03-06,(주)안산동서물류,https://cdn-pro-web-209-40.cdn-nhncommerce.com/edftr76860385_godomall_com/data/goods/23/02/06/17944/t50_17944_list_055.jpg#http://edftr76860385.godomall.com/goods/goods_view.php?goodsNo=17944,맥심 카누 미니 다크 로스트 0.9g X 130개입(100+30T추가)# ,1,20990,구매확정,23:10,2023-03-05
2023-03-06,파로마리빙,https://cdn-pro-web-209-40.cdn-nhncommerce.com/edftr76860385_godomall_com/data/goods/23/02/06/16959/t50_16959_list_026.jpg#http://edftr76860385.godomall.com/goods/goods_view.php?goodsNo=16959,이노크아든 PM센서 스마트 공기청정기# ,1,99000,입금대기,22:38,2023-03-05
2023-03-06,파로마리빙,https://cdn-pro-web-209-40.cdn-nhncommerce.com/edftr76860385_godomall_com/data/goods/23/02/06/16959/t50_16959_list_026.jpg#http://edftr76860385.godomall.com/goods/goods_view.php?goodsNo=16959,이노크아든 PM센서 스마트 공기청정기# ,1,99000,구매확정,21:53,2023-03-05
2023-03-05,이지드롭,https://gi.esmplus.com/daon0605/동서가구/thumb_005.jpg#http://edftr76860385.godomall.com/goods/goods_view.php?goodsNo=16861,변기크리너 블루핸들+리필(라벤더향) 세트 변기청소 욕실청소 화장실 변기솔#상품선택:1)_블루핸들1개+라벤더향1팩(12개입),1,9900,구매확정,13:03,2023-03-05
2023-03-05,해담솔,https://cdn-pro-web-209-40.cdn-nhncommerce.com/edftr76860385_godomall_com/data/goods/23/02/08/18327/t50_18327_list_038.jpg#http://edftr76860385.godomall.com/goods/goods_view.php?goodsNo=18327,킨더 초콜릿 미니 20개입 1봉# ,10,26000,구매확정,09:56,2023-03-05
2023-03-05,해담솔,https://cdn-pro-web-209-40.cdn-nhncommerce.com/edftr76860385_godomall_com/data/goods/23/02/08/18327/t50_18327_list_038.jpg#http://edftr76860385.godomall.com/goods/goods_view.php?goodsNo=18327,킨더 초콜릿 미니 20개입 1봉# ,7,18200,구매확정,00:06,2023-03-05
2023-03-04,(주)안산동서물류,https://cdn-pro-web-209-40.cdn-nhncommerce.com/edftr76860385_godomall_com/data/goods/23/02/06/17944/t50_17944_list_055.jpg#http://edftr76860385.godomall.com/goods/goods_view.php?goodsNo=17944,맥심 카누 미니 다크 로스트 0.9g X 130개입(100+30T추가)# ,1,20990,구매확정,14:05,2023-03-04
2023-03-04,해담솔,https://cdn-pro-web-209-40.cdn-nhncommerce.com/edftr76860385_godomall_com/data/goods/23/02/08/18327/t50_18327_list_038.jpg#http://edftr76860385.godomall.com/goods/goods_view.php?goodsNo=18327,킨더 초콜릿 미니 20개입 1봉# ,6,15600,구매확정,13:52,2023-03-04
2023-03-04,(주)안산동서물류,https://cdn-pro-web-209-40.cdn-nhncommerce.com/edftr76860385_godomall_com/data/goods/23/02/07/18194/t50_18194_list_022.jpg#http://edftr76860385.godomall.com/goods/goods_view.php?goodsNo=18194,코코볼 1000g# ,1,9000,구매확정,12:39,2023-03-04
2023-03-03,(주)안산동서물류,https://cdn-pro-web-209-40.cdn-nhncommerce.com/edftr76860385_godomall_com/data/goods/23/02/06/17944/t50_17944_list_055.jpg#http://edftr76860385.godomall.com/goods/goods_view.php?goodsNo=17944,맥심 카누 미니 다크 로스트 0.9g X 130개입(100+30T추가)# ,1,20990,구매확정,15:07,2023-03-03
2023-03-03,(주)안산동서물류,https://cdn-pro-web-209-40.cdn-nhncommerce.com/edftr76860385_godomall_com/data/goods/23/02/06/17912/t50_17912_list_080.jpg#http://edftr76860385.godomall.com/goods/goods_view.php?goodsNo=17912,맥심 모카골드 라이트 커피믹스 11.8g x 180T X2개# ,1,36810,구매확정,19:39,2023-03-02
2023-03-03,해담솔,https://cdn-pro-web-209-40.cdn-nhncommerce.com/edftr76860385_godomall_com/data/goods/23/02/08/18391/t50_18324_list_085.jpg#http://edftr76860385.godomall.com/goods/goods_view.php?goodsNo=18391,어메이징오트 바리스타950ml 10팩# ,1,24250,구매확정,18:25,2023-03-02
2023-03-02,(주)안산동서물류,https://cdn-pro-web-209-40.cdn-nhncommerce.com/edftr76860385_godomall_com/data/goods/23/02/06/17944/t50_17944_list_055.jpg#http://edftr76860385.godomall.com/goods/goods_view.php?goodsNo=17944,맥심 카누 미니 다크 로스트 0.9g X 130개입(100+30T추가)# ,1,20990,구매확정,14:18,2023-03-02
2023-03-02,해담솔,https://cdn-pro-web-209-40.cdn-nhncommerce.com/edftr76860385_godomall_com/data/goods/23/02/08/18327/t50_18327_list_038.jpg#http://edftr76860385.godomall.com/goods/goods_view.php?goodsNo=18327,킨더 초콜릿 미니 20개입 1봉# ,7,18200,구매확정,09:27,2023-03-02
2023-03-02,(주)안산동서물류,https://cdn-pro-web-209-40.cdn-nhncommerce.com/edftr76860385_godomall_com/data/goods/23/02/06/17927/t50_17927_list_0100.jpg#http://edftr76860385.godomall.com/goods/goods_view.php?goodsNo=17927,맥심 모카골드 커피믹스 12g x 170T X 6개# ,1,122000,구매확정,07:57,2023-03-02
2023-03-02,(주)안산동서물류,https://cdn-pro-web-209-40.cdn-nhncommerce.com/edftr76860385_godomall_com/data/goods/23/02/06/17944/t50_17944_list_055.jpg#http://edftr76860385.godomall.com/goods/goods_view.php?goodsNo=17944,맥심 카누 미니 다크 로스트 0.9g X 130개입(100+30T추가)# ,1,20990,구매확정,23:20,2023-03-01
2023-03-02,(주)안산동서물류,https://cdn-pro-web-209-40.cdn-nhncommerce.com/edftr76860385_godomall_com/data/goods/23/02/07/18194/t50_18194_list_022.jpg#http://edftr76860385.godomall.com/goods/goods_view.php?goodsNo=18194,코코볼 1000g# ,1,9000,구매확정,20:19,2023-03-01
2023-03-01,해담솔,https://cdn-pro-web-209-40.cdn-nhncommerce.com/edftr76860385_godomall_com/data/goods/23/02/08/18327/t50_18327_list_038.jpg#http://edftr76860385.godomall.com/goods/goods_view.php?goodsNo=18327,킨더 초콜릿 미니 20개입 1봉# ,6,15600,구매확정,13:44,2023-03-01
2023-03-01,해담솔,https://cdn-pro-web-209-40.cdn-nhncommerce.com/edftr76860385_godomall_com/data/goods/23/02/08/18323/t50_18323_list_038.jpg#http://edftr76860385.godomall.com/goods/goods_view.php?goodsNo=18323,BBQ 자메이카 통다리 바비큐170g 4개# ,1,9900,구매확정,10:07,2023-03-01
2023-03-01,(주)안산동서물류,https://cdn-pro-web-209-40.cdn-nhncommerce.com/edftr76860385_godomall_com/data/goods/23/02/07/18194/t50_18194_list_022.jpg#http://edftr76860385.godomall.com/goods/goods_view.php?goodsNo=18194,코코볼 1000g# ,1,9000,구매확정,00:28,2023-03-01
2023-02-28,(주)안산동서물류,https://cdn-pro-web-209-40.cdn-nhncommerce.com/edftr76860385_godomall_com/data/goods/23/02/06/17971/t50_17971_list_033.jpg#http://edftr76860385.godomall.com/goods/goods_view.php?goodsNo=17971,여름엔 아이스커피 커피믹스 50T(13g x50개입)# ,3,22470,구매확정,16:05,2023-02-28
2023-02-28,(주)안산동서물류,https://cdn-pro-web-209-40.cdn-nhncommerce.com/edftr76860385_godomall_com/data/goods/23/02/06/18015/t50_18015_list_020.jpg#http://edftr76860385.godomall.com/goods/goods_view.php?goodsNo=18015,카누 바닐라라떼 17.3g X 24개입 X 3개# ,1,25500,구매확정,00:12,2023-02-28
2023-02-28,해담솔,https://cdn-pro-web-209-40.cdn-nhncommerce.com/edftr76860385_godomall_com/data/goods/23/02/08/18391/t50_18324_list_085.jpg#http://edftr76860385.godomall.com/goods/goods_view.php?goodsNo=18391,어메이징오트 바리스타950ml 10팩# ,1,24250,구매확정,17:07,2023-02-27
2023-02-27,(주)안산동서물류,https://cdn-pro-web-209-40.cdn-nhncommerce.com/edftr76860385_godomall_com/data/goods/23/02/06/17971/t50_17971_list_033.jpg#http://edftr76860385.godomall.com/goods/goods_view.php?goodsNo=17971,여름엔 아이스커피 커피믹스 50T(13g x50개입)# ,1,7490,구매확정,19:55,2023-02-26
2023-02-26,(주)안산동서물류,https://cdn-pro-web-209-40.cdn-nhncommerce.com/edftr76860385_godomall_com/data/goods/23/02/07/18204/t50_18204_list_031.jpg#http://edftr76860385.godomall.com/goods/goods_view.php?goodsNo=18204,특가 시리얼 묶음 LV 모음 기획전#선택:코코볼 1000g,2,18000,구매확정,14:43,2023-02-26
2023-02-26,(주)안산동서물류,https://cdn-pro-web-209-40.cdn-nhncommerce.com/edftr76860385_godomall_com/data/goods/23/02/07/18167/t50_18167_list_038.jpg#http://edftr76860385.godomall.com/goods/goods_view.php?goodsNo=18167,동서식품 시리얼/오레오/리츠크래커 LV 모음 기획전#선택:오레오 레드벨벳 94g,5,5100,구매확정,00:16,2023-02-26
2023-02-26,(주)안산동서물류,https://cdn-pro-web-209-40.cdn-nhncommerce.com/edftr76860385_godomall_com/data/goods/23/02/07/18167/t50_18167_list_038.jpg#http://edftr76860385.godomall.com/goods/goods_view.php?goodsNo=18167,동서식품 시리얼/오레오/리츠크래커 LV 모음 기획전#선택:오레오 딸기크림 100g,5,4550,구매확정,00:16,2023-02-26
2023-02-26,(주)안산동서물류,https://cdn-pro-web-209-40.cdn-nhncommerce.com/edftr76860385_godomall_com/data/goods/23/02/07/18167/t50_18167_list_038.jpg#http://edftr76860385.godomall.com/goods/goods_view.php?goodsNo=18167,동서식품 시리얼/오레오/리츠크래커 LV 모음 기획전#선택:오레오 골든 100g,5,4550,구매확정,00:16,2023-02-26
2023-02-26,(주)안산동서물류,https://cdn-pro-web-209-40.cdn-nhncommerce.com/edftr76860385_godomall_com/data/goods/23/02/07/18167/t50_18167_list_038.jpg#http://edftr76860385.godomall.com/goods/goods_view.php?goodsNo=18167,동서식품 시리얼/오레오/리츠크래커 LV 모음 기획전#선택:오레오 화이트크림 100g(오리지널),5,4550,구매확정,00:16,2023-02-26
2023-02-26,(주)안산동서물류,https://cdn-pro-web-209-40.cdn-nhncommerce.com/edftr76860385_godomall_com/data/goods/23/02/06/18042/t50_18042_list_044.png#http://edftr76860385.godomall.com/goods/goods_view.php?goodsNo=18042,포스트 그래놀라 크랜베리 아몬드 570g X4개# ,1,18900,구매확정,17:36,2023-02-25
2023-02-25,(주)안산동서물류,https://cdn-pro-web-209-40.cdn-nhncommerce.com/edftr76860385_godomall_com/data/goods/23/02/06/18042/t50_18042_list_044.png#http://edftr76860385.godomall.com/goods/goods_view.php?goodsNo=18042,포스트 그래놀라 크랜베리 아몬드 570g X4개# ,2,37800,구매확정,12:41,2023-02-25
2023-02-24,이지드롭,https://gi.esmplus.com/daon0605/동서가구/thumb_019.jpg#http://edftr76860385.godomall.com/goods/goods_view.php?goodsNo=16867,변기크리너 허브향(핸들미포함) 변기청소 욕실청소 화장실 변기솔#상품선택:1)_허브향1팩(12개입)-핸들미포함,1,5900,구매확정,22:28,2023-02-23
2023-02-23,(주)안산동서물류,https://cdn-pro-web-209-40.cdn-nhncommerce.com/edftr76860385_godomall_com/data/goods/23/02/06/17964/t50_17964_list_05.jpg#http://edftr76860385.godomall.com/goods/goods_view.php?goodsNo=17964,미떼 핫초코 오리지날 300g# ,2,7600,구매확정,16:15,2023-02-23
2023-02-23,(주)안산동서물류,https://cdn-pro-web-209-40.cdn-nhncommerce.com/edftr76860385_godomall_com/data/goods/23/02/07/18202/t50_18202_list_021.jpg#http://edftr76860385.godomall.com/goods/goods_view.php?goodsNo=18202,특가 맥심/카누/모카골드/화이트골드 LV 모음 기획전#종류 선택:카누 미니 다크 130T,2,45800,구매확정,13:00,2023-02-23
2023-02-23,(주)안산동서물류,https://cdn-pro-web-209-40.cdn-nhncommerce.com/edftr76860385_godomall_com/data/goods/23/02/07/18202/t50_18202_list_021.jpg#http://edftr76860385.godomall.com/goods/goods_view.php?goodsNo=18202,특가 맥심/카누/모카골드/화이트골드 LV 모음 기획전#종류 선택:(선물세트) 화이트골드 250T,1,28900,구매확정,13:00,2023-02-23
2023-02-23,(주)안산동서물류,https://cdn-pro-web-209-40.cdn-nhncommerce.com/edftr76860385_godomall_com/data/goods/23/02/07/18202/t50_18202_list_021.jpg#http://edftr76860385.godomall.com/goods/goods_view.php?goodsNo=18202,특가 맥심/카누/모카골드/화이트골드 LV 모음 기획전#종류 선택:모카골드 230T,1,29000,구매확정,13:00,2023-02-23
2023-02-23,(주)안산동서물류,https://cdn-pro-web-209-40.cdn-nhncommerce.com/edftr76860385_godomall_com/data/goods/23/02/06/17966/t50_17966_list_013.png#http://edftr76860385.godomall.com/goods/goods_view.php?goodsNo=17966,스타벅스 더블샷 에스프레소앤크림 200ml# ,20,21600,구매확정,07:48,2023-02-23
2023-02-23,(주)안산동서물류,https://cdn-pro-web-209-40.cdn-nhncommerce.com/edftr76860385_godomall_com/data/goods/23/02/06/18042/t50_18042_list_044.png#http://edftr76860385.godomall.com/goods/goods_view.php?goodsNo=18042,포스트 그래놀라 크랜베리 아몬드 570g X4개# ,1,18900,구매확정,20:43,2023-02-22
2023-02-22,(주)안산동서물류,https://cdn-pro-web-209-40.cdn-nhncommerce.com/edftr76860385_godomall_com/data/goods/23/02/06/17964/t50_17964_list_05.jpg#http://edftr76860385.godomall.com/goods/goods_view.php?goodsNo=17964,미떼 핫초코 오리지날 300g# ,3,11400,구매확정,13:58,2023-02-22
2023-02-22,이지드롭,https://gi.esmplus.com/daon0605/동서가구/thumb_023.jpg#http://edftr76860385.godomall.com/goods/goods_view.php?goodsNo=16868,변기크리너 화이트머스크향(핸들미포함) 변기청소 욕실청소 화장실 변기솔#상품선택:2)_화이트머스크향2팩(24개입)-핸들미포함,1,9900,구매확정,19:07,2023-02-21
2023-02-21,(주)안산동서물류,https://cdn-pro-web-209-40.cdn-nhncommerce.com/edftr76860385_godomall_com/data/goods/23/02/06/17941/t50_17941_list_086.jpg#http://edftr76860385.godomall.com/goods/goods_view.php?goodsNo=17941,맥심 슈프림골드 커피믹스 13.5g X 170개입 X 3개# ,1,78100,구매확정,15:43,2023-02-21
2023-02-20,(주)안산동서물류,https://cdn-pro-web-209-40.cdn-nhncommerce.com/edftr76860385_godomall_com/data/goods/23/02/07/18202/t50_18202_list_021.jpg#http://edftr76860385.godomall.com/goods/goods_view.php?goodsNo=18202,동서식품/ 맥심/카누/모카골드/화이트골드 LV 모음 기획전#종류 선택:(선물세트) 화이트골드 250T,1,28900,구매확정,16:59,2023-02-20
2023-02-20,이지드롭,https://gi.esmplus.com/daon0605/동서가구/thumb_005.jpg#http://edftr76860385.godomall.com/goods/goods_view.php?goodsNo=16861,변기크리너 블루핸들+리필(라벤더향) 세트 변기청소 욕실청소 화장실 변기솔#상품선택:3)_블루핸들1개+라벤더향3팩(36개입),1,18900,구매확정,20:45,2023-02-19
2023-02-19,(주)안산동서물류,https://cdn-pro-web-209-40.cdn-nhncommerce.com/edftr76860385_godomall_com/data/goods/23/02/06/17920/t50_17920_list_090.jpg#http://edftr76860385.godomall.com/goods/goods_view.php?goodsNo=17920,맥심 모카골드 마일드 커피믹스 12g X 210T X4개# ,1,97500,구매확정,15:27,2023-02-19
2023-02-18,이지드롭,https://gi.esmplus.com/daon0605/동서가구/thumb_005.jpg#http://edftr76860385.godomall.com/goods/goods_view.php?goodsNo=16861,변기크리너 블루핸들+리필(라벤더향) 세트 변기청소 욕실청소 화장실 변기솔#상품선택:2)_블루핸들1개+라벤더향2팩(24개입),1,14800,구매확정,16:39,2023-02-18
2023-02-17,이지드롭,https://gi.esmplus.com/daon0605/동서가구/thumb_011.jpg#http://edftr76860385.godomall.com/goods/goods_view.php?goodsNo=16865,변기크리너 레몬향(핸들미포함) 변기청소 욕실청소 화장실 변기솔#상품선택:3)_레몬향4팩(48개입)-핸들미포함,1,18900,구매확정,15:15,2023-02-17
2023-02-17,이지드롭,https://gi.esmplus.com/daon0605/동서가구/thumb_009.jpg#http://edftr76860385.godomall.com/goods/goods_view.php?goodsNo=16864,변기크리너 블루핸들+리필(화이트머스크향) 세트 변기청소 욕실청소 화장실 변..#상품선택:2)_블루핸들1개+화이트머스크향2팩(24개입),1,14800,구매확정,15:06,2023-02-17
2023-02-17,(주)안산동서물류,https://cdn-pro-web-209-40.cdn-nhncommerce.com/edftr76860385_godomall_com/data/goods/23/02/06/18051/t50_18051_list_013.jpg#http://edftr76860385.godomall.com/goods/goods_view.php?goodsNo=18051,포스트 아몬드 후레이크 1000g (1kg)# ,4,31320,구매확정,05:12,2023-02-17
2023-02-17,이지드롭,https://gi.esmplus.com/daon0605/동서가구/thumb_01.jpg#http://edftr76860385.godomall.com/goods/goods_view.php?goodsNo=16858,변기크리너 블루핸들+리필(레몬향) 세트 변기청소 욕실청소 화장실 변기솔#상품선택:1)_블루핸들1개+레몬향1팩(12개입),1,9900,구매확정,17:06,2023-02-16
2023-02-16,(주)안산동서물류,https://cdn-pro-web-209-40.cdn-nhncommerce.com/edftr76860385_godomall_com/data/goods/23/02/06/18047/t50_18047_list_067.jpg#http://edftr76860385.godomall.com/goods/goods_view.php?goodsNo=18047,포스트 단백질바 500g(50g X10개입)# ,5,35600,구매확정,09:03,2023-02-16
2023-02-15,(주)안산동서물류,https://cdn-pro-web-209-40.cdn-nhncommerce.com/edftr76860385_godomall_com/data/goods/23/02/06/18047/t50_18047_list_067.jpg#http://edftr76860385.godomall.com/goods/goods_view.php?goodsNo=18047,포스트 단백질바 500g(50g X10개입)# ,4,28480,구매확정,16:07,2023-02-15
2023-02-15,이지드롭,https://gi.esmplus.com/daon0605/동서가구/thumb_005.jpg#http://edftr76860385.godomall.com/goods/goods_view.php?goodsNo=16861,변기크리너 블루핸들+리필(라벤더향) 세트 변기청소 욕실청소 화장실 변기솔#상품선택:1)_블루핸들1개+라벤더향1팩(12개입),1,9900,구매확정,15:43,2023-02-15
2023-02-15,(주)안산동서물류,https://cdn-pro-web-209-40.cdn-nhncommerce.com/edftr76860385_godomall_com/data/goods/23/02/06/17925/t50_17925_list_06.png#http://edftr76860385.godomall.com/goods/goods_view.php?goodsNo=17925,맥심 모카골드 커피믹스 12g x 170T X 4개# ,1,82490,구매확정,11:14,2023-02-15
2023-02-14,이지드롭,https://gi.esmplus.com/daon0605/동서가구/thumb_019.jpg#http://edftr76860385.godomall.com/goods/goods_view.php?goodsNo=16867,변기크리너 허브향(핸들미포함) 변기청소 욕실청소 화장실 변기솔#상품선택:2)_허브향2팩(24개입)-핸들미포함,1,9900,구매확정,16:40,2023-02-14
2023-02-13,이지드롭,https://gi.esmplus.com/daon0605/동서가구/thumb_011.jpg#http://edftr76860385.godomall.com/goods/goods_view.php?goodsNo=16865,변기크리너 레몬향(핸들미포함) 변기청소 욕실청소 화장실 변기솔#상품선택:2)_레몬향2팩(24개입)-핸들미포함,1,9900,구매확정,17:16,2023-02-12
2023-02-12,이지드롭,https://gi.esmplus.com/daon0605/동서가구/thumb_005.jpg#http://edftr76860385.godomall.com/goods/goods_view.php?goodsNo=16861,변기크리너 블루핸들+리필(라벤더향) 세트 변기청소 욕실청소 화장실 변기솔#상품선택:2)_블루핸들1개+라벤더향2팩(24개입),1,14800,구매확정,16:19,2023-02-12
2023-02-12,(주)안산동서물류,https://cdn-pro-web-209-40.cdn-nhncommerce.com/edftr76860385_godomall_com/data/goods/23/02/06/17964/t50_17964_list_05.jpg#http://edftr76860385.godomall.com/goods/goods_view.php?goodsNo=17964,미떼 핫초코 오리지날 300g# ,12,45600,구매확정,14:11,2023-02-12
2023-02-12,(주)안산동서물류,https://cdn-pro-web-209-40.cdn-nhncommerce.com/edftr76860385_godomall_com/data/goods/23/02/06/18053/t50_18053_list_033.jpg#http://edftr76860385.godomall.com/goods/goods_view.php?goodsNo=18053,포스트 아몬드 후레이크 1000g X2개 (2kg)# ,1,15960,구매확정,11:42,2023-02-12
2023-02-11,이지드롭,https://gi.esmplus.com/daon0605/동서가구/thumb_011.jpg#http://edftr76860385.godomall.com/goods/goods_view.php?goodsNo=16865,변기크리너 레몬향(핸들미포함) 변기청소 욕실청소 화장실 변기솔#상품선택:2)_레몬향2팩(24개입)-핸들미포함,1,9900,구매확정,12:56,2023-02-11
2023-02-11,이지드롭,https://gi.esmplus.com/daon0605/동서가구/thumb_011.jpg#http://edftr76860385.godomall.com/goods/goods_view.php?goodsNo=16865,변기크리너 레몬향(핸들미포함) 변기청소 욕실청소 화장실 변기솔#상품선택:2)_레몬향2팩(24개입)-핸들미포함,1,9900,구매확정,11:21,2023-02-11
2023-02-11,(주)안산동서물류,https://cdn-pro-web-209-40.cdn-nhncommerce.com/edftr76860385_godomall_com/data/goods/23/02/06/17964/t50_17964_list_05.jpg#http://edftr76860385.godomall.com/goods/goods_view.php?goodsNo=17964,미떼 핫초코 오리지날 300g# ,10,38000,구매확정,11:10,2023-02-11
2023-02-10,(주)안산동서물류,https://cdn-pro-web-209-40.cdn-nhncommerce.com/edftr76860385_godomall_com/data/goods/23/02/06/17966/t50_17966_list_013.png#http://edftr76860385.godomall.com/goods/goods_view.php?goodsNo=17966,스타벅스 더블샷 에스프레소앤크림 200ml# ,36,38880,구매확정,10:37,2023-02-10
2023-02-09,이지드롭,https://gi.esmplus.com/daon0605/동서가구/thumb_011.jpg#http://edftr76860385.godomall.com/goods/goods_view.php?goodsNo=16865,변기크리너 레몬향(핸들미포함) 변기청소 욕실청소 화장실 변기솔#상품선택:3)_레몬향4팩(48개입)-핸들미포함,1,18900,구매확정,08:24,2023-02-09
2023-02-09,이지드롭,https://gi.esmplus.com/daon0605/동서가구/thumb_011.jpg#http://edftr76860385.godomall.com/goods/goods_view.php?goodsNo=16865,변기크리너 레몬향(핸들미포함) 변기청소 욕실청소 화장실 변기솔#상품선택:2)_레몬향2팩(24개입)-핸들미포함,1,9900,구매확정,21:40,2023-02-08
2023-02-08,이지드롭,https://gi.esmplus.com/daon0605/동서가구/thumb_023.jpg#http://edftr76860385.godomall.com/goods/goods_view.php?goodsNo=16868,변기크리너 화이트머스크향(핸들미포함) 변기청소 욕실청소 화장실 변기솔#상품선택:1)_화이트머스크향1팩(12개입)-핸들미포함,1,5900,구매확정,15:27,2023-02-08
2023-02-08,이지드롭,https://gi.esmplus.com/daon0605/동서가구/thumb_011.jpg#http://edftr76860385.godomall.com/goods/goods_view.php?goodsNo=16865,변기크리너 레몬향(핸들미포함) 변기청소 욕실청소 화장실 변기솔#상품선택:1)_레몬향1팩(12개입)-핸들미포함,2,11800,구매확정,00:48,2023-02-08
2023-02-08,이지드롭,https://gi.esmplus.com/daon0605/동서가구/thumb_023.jpg#http://edftr76860385.godomall.com/goods/goods_view.php?goodsNo=16868,변기크리너 화이트머스크향(핸들미포함) 변기청소 욕실청소 화장실 변기솔#상품선택:2)_화이트머스크향2팩(24개입)-핸들미포함,1,9900,구매확정,19:29,2023-02-07
2023-02-07,이지드롭,https://gi.esmplus.com/daon0605/동서가구/thumb_011.jpg#http://edftr76860385.godomall.com/goods/goods_view.php?goodsNo=16865,변기크리너 레몬향(핸들미포함) 변기청소 욕실청소 화장실 변기솔#상품선택:2)_레몬향2팩(24개입)-핸들미포함,1,9900,구매확정,16:59,2023-02-07
2023-02-07,이지드롭,https://gi.esmplus.com/daon0605/동서가구/thumb_027.jpg#http://edftr76860385.godomall.com/goods/goods_view.php?goodsNo=16871,변기크리너 블루핸들1개+리필4팩(48개입) 세트..#리필향선택:5)_핸들+혼합구성(향4종),1,20900,구매확정,10:38,2023-02-07
2023-02-07,이지드롭,https://gi.esmplus.com/daon0605/동서가구/thumb_011.jpg#http://edftr76860385.godomall.com/goods/goods_view.php?goodsNo=16865,변기크리너 레몬향(핸들미포함) 변기청소 욕실청소 화장실 변기솔#상품선택:2)_레몬향2팩(24개입)-핸들미포함,1,9900,구매확정,22:26,2023-02-06
2023-02-07,이지드롭,https://gi.esmplus.com/daon0605/동서가구/thumb_011.jpg#http://edftr76860385.godomall.com/goods/goods_view.php?goodsNo=16865,변기크리너 레몬향(핸들미포함) 변기청소 욕실청소 화장실 변기솔#상품선택:2)_레몬향2팩(24개입)-핸들미포함,1,9900,구매확정,22:19,2023-02-06
2023-02-06,이지드롭,https://gi.esmplus.com/daon0605/동서가구/thumb_011.jpg#http://edftr76860385.godomall.com/goods/goods_view.php?goodsNo=16865,변기크리너 레몬향(핸들미포함) 변기청소 욕실청소 화장실 변기솔#상품선택:2)_레몬향2팩(24개입)-핸들미포함,1,9900,구매확정,15:24,2023-02-06
2023-02-06,이지드롭,https://gi.esmplus.com/daon0605/동서가구/thumb_011.jpg#http://edftr76860385.godomall.com/goods/goods_view.php?goodsNo=16865,변기크리너 레몬향(핸들미포함) 변기청소 욕실청소 화장실 변기솔#상품선택:2)_레몬향2팩(24개입)-핸들미포함,1,9900,구매확정,11:51,2023-02-06
2023-02-06,이지드롭,https://gi.esmplus.com/daon0605/동서가구/thumb_011.jpg#http://edftr76860385.godomall.com/goods/goods_view.php?goodsNo=16865,변기크리너 레몬향(핸들미포함) 변기청소 욕실청소 화장실 변기솔#상품선택:2)_레몬향2팩(24개입)-핸들미포함,1,9900,구매확정,23:40,2023-02-05
2023-02-06,이지드롭,https://gi.esmplus.com/daon0605/동서가구/thumb_011.jpg#http://edftr76860385.godomall.com/goods/goods_view.php?goodsNo=16865,변기크리너 레몬향(핸들미포함) 변기청소 욕실청소 화장실 변기솔#상품선택:2)_레몬향2팩(24개입)-핸들미포함,1,9900,구매확정,20:35,2023-02-05
2023-02-06,이지드롭,https://gi.esmplus.com/daon0605/동서가구/thumb_011.jpg#http://edftr76860385.godomall.com/goods/goods_view.php?goodsNo=16865,변기크리너 레몬향(핸들미포함) 변기청소 욕실청소 화장실 변기솔#상품선택:2)_레몬향2팩(24개입)-핸들미포함,1,9900,구매확정,18:43,2023-02-05
2023-02-05,이지드롭,https://gi.esmplus.com/daon0605/동서가구/thumb_011.jpg#http://edftr76860385.godomall.com/goods/goods_view.php?goodsNo=16865,변기크리너 레몬향(핸들미포함) 변기청소 욕실청소 화장실 변기솔#상품선택:1)_레몬향1팩(12개입)-핸들미포함,1,5900,구매확정,15:00,2023-02-05
2023-02-05,이지드롭,https://gi.esmplus.com/daon0605/동서가구/thumb_005.jpg#http://edftr76860385.godomall.com/goods/goods_view.php?goodsNo=16861,변기크리너 블루핸들+리필(라벤더향) 세트 변기청소 욕실청소 화장실 변기솔#상품선택:1)_블루핸들1개+라벤더향1팩(12개입),1,9900,구매확정,14:49,2023-02-05
2023-02-05,이지드롭,https://gi.esmplus.com/daon0605/동서가구/thumb_019.jpg#http://edftr76860385.godomall.com/goods/goods_view.php?goodsNo=16867,변기크리너 허브향(핸들미포함) 변기청소 욕실청소 화장실 변기솔#상품선택:2)_허브향2팩(24개입)-핸들미포함,1,9900,구매확정,01:33,2023-02-05
2023-02-04,이지드롭,https://gi.esmplus.com/daon0605/동서가구/thumb_011.jpg#http://edftr76860385.godomall.com/goods/goods_view.php?goodsNo=16865,변기크리너 레몬향(핸들미포함) 변기청소 욕실청소 화장실 변기솔#상품선택:2)_레몬향2팩(24개입)-핸들미포함,1,9900,구매확정,10:43,2023-02-04
2023-02-04,이지드롭,https://gi.esmplus.com/daon0605/동서가구/thumb_005.jpg#http://edftr76860385.godomall.com/goods/goods_view.php?goodsNo=16861,변기크리너 블루핸들+리필(라벤더향) 세트 변기청소 욕실청소 화장실 변기솔#상품선택:2)_블루핸들1개+라벤더향2팩(24개입),1,14800,구매확정,22:01,2023-02-03
2023-02-03,이지드롭,https://gi.esmplus.com/daon0605/동서가구/thumb_011.jpg#http://edftr76860385.godomall.com/goods/goods_view.php?goodsNo=16865,변기크리너 레몬향(핸들미포함) 변기청소 욕실청소 화장실 변기솔#상품선택:2)_레몬향2팩(24개입)-핸들미포함,1,9900,구매확정,13:38,2023-02-03
2023-02-02,이지드롭,https://gi.esmplus.com/daon0605/동서가구/thumb_011.jpg#http://edftr76860385.godomall.com/goods/goods_view.php?goodsNo=16865,변기크리너 레몬향(핸들미포함) 변기청소 욕실청소 화장실 변기솔#상품선택:2)_레몬향2팩(24개입)-핸들미포함,1,9900,구매확정,14:51,2023-02-02
2023-02-01,이지드롭,https://gi.esmplus.com/daon0605/동서가구/thumb_011.jpg#http://edftr76860385.godomall.com/goods/goods_view.php?goodsNo=16865,변기크리너 레몬향(핸들미포함) 변기청소 욕실청소 화장실 변기솔#상품선택:2)_레몬향2팩(24개입)-핸들미포함,1,9900,구매확정,10:48,2023-02-01
2023-02-01,이지드롭,https://gi.esmplus.com/daon0605/동서가구/thumb_011.jpg#http://edftr76860385.godomall.com/goods/goods_view.php?goodsNo=16865,변기크리너 레몬향(핸들미포함) 변기청소 욕실청소 화장실 변기솔#상품선택:3)_레몬향4팩(48개입)-핸들미포함,1,18900,구매확정,22:33,2023-01-31
